creditscore,annualgrossrevenue,grossrevattimeofinv,naicscode,entitystructure,investeetype,bankedatintake,jobstimeofinvestment,business_age_years,original_note_amount,current_interest_rate,starting_interest_rate,loan_type,portfolio_code_id,loan_group_no,entity,risk_rating_no,loan_age_months,times_renewed,times_extended,current_principal_balance,current_payoff_balance,contractualjurisdiction,is_default
666,668414.76,693573.56,621111,5,3,1,6,11.9,134784.44,15.2117,16.4865,1,4,6,Partnership,7,31.8,1,1,92261.53,79386.69,AZ,1
629,845846.71,901265.68,531210,6,5,0,10,9.2,328654.02,14.4057,13.1343,1,2,3,Corp,5,31.7,0,2,180217.56,169299.97,NY,0
849,508821.37,448011.4,236220,3,3,1,30,8.7,210719.9,9.6988,10.0494,7,6,6,Partnership,4,14.4,1,0,124945.72,118989.23,OH,0
688,281092.65,277916.58,722511,6,2,0,14,13.9,170017.27,6.834,6.6595,7,2,6,Corp,5,24.3,1,2,145412.42,133579.85,FL,1
626,1381512.18,1576392.6,445110,2,4,1,14,16.9,193471.33,3.5,3.6443,4,5,7,Sole Proprietor,3,37.6,0,1,142727.87,129842.14,TX,0
715,2097657.93,1802418.88,541511,2,5,1,16,6.8,405355.04,4.3427,4.3201,7,5,7,Sole Proprietor,4,23.9,0,0,214771.15,222593.46,WA,0
736,638053.81,633284.5,541511,1,4,0,11,10.8,181452.16,8.5546,9.19,3,5,9,LLC,1,44.7,2,1,115739.08,116851.37,GA,0
570,558256.93,635878.05,541511,6,4,0,19,4.9,91843.6,16.0548,17.9068,6,5,8,Partnership,4,24.4,1,2,67320.16,69245.03,NC,1
603,440510.25,513068.75,621111,1,1,0,8,2.6,144735.09,11.5856,12.9201,7,3,4,Corp,6,8.5,1,0,69066.28,62843.58,GA,1
550,2449236.39,2973023.44,238210,1,4,0,14,11.8,195570.25,11.4012,10.285,2,5,9,LLC,1,37.2,0,0,109806.95,101862.49,IL,0
633,1074128.54,1176232.21,445110,4,5,0,22,13.4,114630.2,9.7423,10.3081,4,6,6,Corp,4,33.6,1,2,90979.55,83469.41,CA,0
714,1999760.2,1776485.44,621111,5,2,1,18,16.9,234706.85,7.3076,7.2732,3,6,1,LLC,1,23.9,0,1,215435.91,197785.33,NC,0
629,573297.91,715615.04,722511,5,2,1,4,11.1,149862.31,11.8128,12.697,7,1,7,Corp,1,15.5,0,2,111162.18,101958.45,NY,0
710,1570549.92,1356955.45,236220,1,1,0,16,6.9,132870.81,8.1436,8.8082,6,5,5,LLC,4,28,1,2,123065.91,108793.07,OH,0
648,1133083.01,1378463.56,541511,6,2,1,29,14.9,215290.19,15.5832,17.5655,7,2,2,Partnership,5,4.8,0,0,162060.69,156762.11,AZ,0
719,802608.25,842208.8,236220,3,4,0,6,12.8,199551.84,8.8502,8.1149,8,2,6,LLC,4,31.8,0,2,130595.75,123241.7,TX,0
500,890547.52,1060901.13,722511,4,1,1,20,2,194480.83,11.3409,11.5478,1,3,1,Sole Proprietor,6,29.7,1,1,112139.17,99958.23,IL,1
649,441754.13,441349.87,238210,1,1,0,15,12.5,234517.17,8.1811,8.2334,2,6,3,Corp,4,32.1,2,0,212592.28,205871.45,CA,0
684,339342.2,312784.62,531210,4,2,0,6,10,125904.19,13.6064,12.8751,8,2,6,Partnership,7,40.1,1,1,77639.6,71343.16,CA,1
578,385828.25,463061.54,621111,2,1,1,6,1,190222.16,15.047,14.8692,4,1,2,Partnership,4,32.6,3,4,100810.86,93370.71,OH,1
679,738051.84,793268.51,445110,1,1,0,8,9.3,218871.25,9.4199,10.6418,2,5,8,Corp,3,35.1,1,2,160199.85,158166.37,FL,0
562,700359.66,600558.58,621111,4,2,0,3,7.6,69304.1,16.0224,15.7259,7,1,2,LLC,9,31.9,0,2,36598.29,32529.31,OH,1
604,830955.47,1027288.82,621111,4,2,0,15,15.4,306967.42,9.1215,10.4693,8,6,6,Sole Proprietor,6,21.5,2,4,173774.6,180745.31,WA,1
614,301531.41,354029.45,238210,3,4,0,9,10.4,213137,10.4414,10.6364,8,5,5,LLC,6,1,2,5,110350.99,105856.13,GA,1
507,492975.75,481566.1,484110,6,4,0,3,3.9,157178.48,12.3118,12.6659,3,6,3,Sole Proprietor,9,38.1,0,3,114335.75,105667.32,OH,1
721,700715.67,777754.69,541511,2,3,1,16,19,165375.82,12.7999,14.5069,8,4,1,LLC,3,26.4,1,1,92887.97,93281.82,TX,0
651,654932.95,568636.94,445110,6,4,0,22,20.4,96298.11,3.5,3.3812,6,5,4,LLC,3,32.9,0,1,46270.3,39403.82,IL,0
668,785101.91,926733.44,531210,5,2,0,11,14.6,79912.28,5.4936,5.409,1,3,5,Sole Proprietor,3,29.2,0,1,68170.99,62129.16,NC,0
701,656238.43,770020.81,445110,4,1,0,13,4.3,210566.54,3.5,3.5179,4,3,9,Partnership,2,7.9,1,0,195808.98,179974.89,CA,0
643,538887.31,566652.23,236220,6,5,0,5,6.3,75108.9,13.1241,13.8916,3,6,6,LLC,6,38.6,1,0,44683.07,46266.09,OH,1
762,600610.61,712867.2,722511,1,5,0,9,8,112632.7,15.7266,16.2438,3,2,8,Partnership,3,22.9,1,2,104146.58,106031.28,AZ,0
624,781544.85,686420.99,621111,4,4,1,18,1.6,418539.18,14.9894,13.5023,7,6,4,Corp,2,54.7,1,4,247163.58,242247.9,AZ,1
505,476360.31,520639.99,722511,2,1,1,7,11.3,50072.21,16.5158,16.0245,6,2,3,LLC,4,6.6,3,2,25522.63,22485.28,NY,1
632,1400776.18,1606188,531210,2,4,1,17,15.1,201678.24,5.7624,5.6964,3,5,4,Corp,3,20.1,0,0,150104.3,137528.35,AZ,0
703,1660020.93,1469323.38,541511,3,4,0,17,15.5,106938.46,12.3471,13.6542,3,2,5,Corp,2,36.8,1,0,65259.25,66811.33,NC,0
804,1175033.86,1158517.15,541511,2,4,0,19,11.3,77599.68,11.6003,12.7631,4,4,2,Partnership,3,12.6,0,2,59371.65,57536.8,NY,0
748,1117320.42,969886.51,541511,2,3,0,13,17.2,281571.32,12.1596,13.4412,5,5,3,Partnership,3,31.5,1,0,190653.32,167830.94,NY,0
643,499694.92,456123.79,531210,5,4,0,6,14.4,103046.38,11.0638,12.0225,7,4,1,Partnership,9,28.9,1,1,64885.16,60850.57,NY,1
626,438485.01,516139.81,484110,2,4,0,40,9.9,140887.39,10.1664,10.4051,6,6,2,Corp,3,27,1,1,124581.8,124253.69,OH,0
682,1066696,1107487.88,621111,3,3,1,7,13.2,129119.1,6.6589,6.9919,1,3,6,Corp,5,38.7,0,1,86123.67,88121.13,CA,0
685,2276610.82,2027203.94,484110,2,4,0,12,8.6,82119.76,8.3442,8.852,8,6,3,Sole Proprietor,2,16.4,1,1,72505.62,68962.61,OH,0
647,759064.61,929312.53,531210,3,3,0,0,3.5,122154.58,12.2579,11.3411,1,6,6,Sole Proprietor,4,23,2,3,81031.31,71738.96,FL,1
617,1142454.2,1309339.12,238210,1,5,0,25,15.2,210530.63,12.3843,13.7425,8,1,2,Sole Proprietor,2,45.2,0,2,97260.1,89917.97,OH,0
557,2097881.64,2014621.96,541511,2,2,1,4,3.6,154044.1,6.5829,7.1807,3,5,4,Corp,9,53.4,2,2,113455.5,107184.86,GA,1
521,465369.89,415711.29,722511,5,4,1,20,13,187187.54,11.5214,12.9845,8,6,6,LLC,6,40.9,2,3,88233.08,81668.81,FL,1
656,241468.65,282774.27,722511,3,5,1,19,7,289388.01,8.5,8.4036,8,3,8,Partnership,6,39.1,1,1,198829.49,185865.06,AZ,1
526,1051721.95,955873.85,531210,5,2,1,7,7.5,112778.71,12.2909,11.9526,4,6,1,LLC,8,35.7,1,3,76686.63,80364.05,NC,1
634,1563280.11,1814091.45,445110,1,1,0,3,8.5,277109.2,8.0894,8.2538,3,2,6,Corp,4,1,2,0,237220.63,207833.6,NC,0
729,1027717.29,1058210.4,531210,4,3,1,23,7.9,135151.75,6.969,6.912,3,5,8,Corp,1,28.4,0,0,76719.53,65463.82,OH,0
689,890850.01,799359.16,621111,6,1,1,27,19.6,315663.39,8.6438,9.1239,5,4,3,Partnership,1,23.9,0,3,157214.02,139731.51,CA,0
563,611859.4,520670.66,445110,4,1,1,8,5.3,140095.18,12.536,13.5522,2,4,9,LLC,8,41.6,1,4,102050.03,103349.7,NY,1
641,433697.92,415756.72,484110,5,1,0,12,6,158323.22,11.0145,11.8256,3,6,2,Corp,8,20.9,0,2,142197.72,135794.81,IL,1
739,1240129.86,1129151.31,236220,3,1,1,26,8.7,103572.03,11.6477,11.8524,2,3,6,Corp,5,6.1,1,1,66574.37,59423.7,WA,0
758,1391789.3,1351450.44,722511,2,3,0,23,11.7,260282.6,8.0517,7.5944,1,3,8,Corp,1,29.4,1,1,183773.19,179291.74,WA,0
648,1594128.27,1425222.13,531210,2,1,1,6,4.9,377435.79,8.3338,9.2823,3,5,3,Corp,9,19.8,0,1,358429.24,349527.61,FL,1
709,2681045.44,3019216.47,238210,3,5,1,9,13.5,197800.04,8.9386,9.6614,3,1,1,Corp,7,25.6,2,1,119393.49,110982.56,AZ,0
643,1094189.63,1202335.62,541511,6,5,0,20,5.8,164390.61,5.6701,5.3342,8,1,7,Partnership,5,26.5,0,1,112148.86,111036.32,IL,0
576,224148.63,244793.09,541511,3,2,0,6,3.9,71763.38,10.4338,11.7863,6,4,3,Sole Proprietor,3,27.2,2,2,47099.05,40366,OH,1
680,1512046.23,1483826.51,722511,3,2,1,22,9.6,163048.19,6.2942,6.3535,8,4,3,Partnership,4,5.6,3,1,102060.27,98829.66,AZ,0
730,860503.64,733095.25,722511,3,5,1,15,13,111173.52,10.7855,11.2723,7,5,3,Sole Proprietor,6,17.6,2,0,94719.01,91674.64,NC,0
571,400598.46,374829.98,531210,5,1,0,11,4,193112.33,15.0451,16.5547,5,5,5,Corp,5,44.3,0,0,139442.89,120293.7,TX,1
572,1416542.58,1472599.56,445110,6,2,1,15,2.5,130846.06,14.377,14.4215,1,4,8,LLC,5,26.8,1,0,118929.91,124500.23,NY,1
598,1031063.1,1230557.9,236220,3,2,0,6,10.4,226431.28,16.2339,15.0314,4,5,4,Sole Proprietor,7,36.1,4,1,143456.97,146147.78,FL,1
696,704323.52,785666.52,484110,5,2,1,15,16.4,200950.71,13.0491,12.1654,4,2,2,Sole Proprietor,2,15.3,2,0,100422.03,103405.34,TX,0
726,1993127.77,2353579.59,722511,3,1,1,19,14.1,140178.41,3.5223,3.6947,8,6,6,Partnership,2,23.7,0,3,82482.43,72160.17,TX,0
746,1029813.02,1264638.85,541511,3,4,1,15,23.9,162903.38,8.8913,8.4953,7,3,4,Partnership,5,21.5,0,2,80908.98,72344.33,WA,0
643,1120199.94,1045981.19,238210,4,3,1,13,6.3,84696.77,5.8474,6.0731,7,4,9,Corp,2,9.1,1,0,65453.96,56807.37,AZ,0
701,565114.82,648269.56,541511,6,1,0,21,5.7,123844.48,12.6215,14.2717,2,5,5,Partnership,5,29.5,0,4,66358.2,58036.14,NY,1
629,227157.29,232723.49,484110,2,1,1,5,0.5,144073.47,17.4427,16.4654,7,4,9,Sole Proprietor,6,14.6,2,0,78243.6,77822.03,NC,1
603,888839.91,1065578.37,484110,4,3,0,18,0.5,180320.51,13.7822,14.7947,2,6,8,LLC,5,34.2,1,4,108686.44,97836.34,NY,1
635,277761.99,331284.59,238210,1,5,1,15,8,262866.2,16.3048,16.3319,5,3,2,Sole Proprietor,6,29.5,1,1,166807.36,156110.7,CA,1
589,1136528.76,1339176.08,484110,5,5,0,0,12.7,244739.61,14.8836,16.6165,1,6,4,LLC,7,33.9,0,2,132854,115040.29,WA,1
545,277789.95,308626.76,621111,3,5,0,5,3,104114.54,12.2956,11.842,1,1,3,Corp,6,36.7,0,3,60357.27,51848.99,WA,1
673,2396551.81,2964785.8,238210,4,2,1,13,11.7,245952.33,10.6089,10.8489,1,5,2,Sole Proprietor,4,20.9,1,0,113377.96,110048.98,NC,0
600,341007.86,359770.51,484110,3,2,1,0,11.1,187951.96,6.4296,6.8004,6,4,9,Corp,6,19.8,2,2,92884.94,83572.12,OH,1
569,819045.9,738932.58,238210,3,1,0,21,11.5,391500.97,12.9769,13.8748,3,4,2,Corp,8,25.5,3,3,342809.8,312272.06,NY,1
705,2811079.62,2570838.49,531210,5,5,1,20,15.8,199865.47,10.2504,11.746,6,3,5,Sole Proprietor,3,5.2,0,0,163184.32,164425.36,NY,0
658,740366.48,663460.31,238210,2,3,1,18,11.7,327947.38,9.2387,9.054,2,5,7,Partnership,6,37.2,1,2,277758.89,251792.03,TX,1
617,1834161.88,1820500.19,236220,1,3,1,8,15.6,271891.88,5.9428,6.0816,8,6,4,Partnership,5,14,0,0,126337.14,130067.99,WA,0
595,725729.25,645926.13,531210,4,3,0,6,4.1,225166.33,7.9793,7.3026,7,2,5,Sole Proprietor,7,10.6,0,3,125638.38,110942.75,CA,1
587,1335103.81,1186383.37,541511,2,1,0,10,1.2,326948.17,16.4651,17.7724,3,2,7,Corp,5,47.5,1,2,207857.04,203662.6,WA,1
625,555419.11,662479.82,621111,6,3,0,7,9.3,283435.59,19.7841,18.5587,1,1,5,LLC,8,29.5,1,3,263292.66,239064.77,TX,1
659,1203887.62,1263461.52,445110,5,1,0,19,11.7,210650.05,9.6452,9.5299,8,1,8,Corp,5,15.5,0,2,109266.95,111231.61,TX,0
628,473006.51,479638.16,236220,5,2,1,12,5.3,126504.44,13.8515,14.9628,7,1,2,Corp,6,50.7,0,1,107136.54,97499.57,FL,1
623,1664836.39,1932567.68,621111,3,3,1,22,19.9,77211.25,12.9787,12.4265,1,2,8,Partnership,1,21.9,2,2,72060.92,71068.78,GA,0
649,1337412.5,1669362.16,484110,4,1,0,29,11.7,85226.49,12.8583,12.0031,1,3,7,Sole Proprietor,1,31.3,1,2,64680.36,62186.25,OH,0
756,868285.78,841945.43,484110,1,1,1,1,9.3,189539.26,14.1001,15.7348,8,4,6,Sole Proprietor,1,13.2,0,1,123488.34,106663.5,WA,0
708,363722.1,370099.49,621111,1,4,1,0,9.7,110318.67,9.9142,10.8351,6,4,3,Corp,7,47.1,1,1,103313.36,89740.19,AZ,1
568,433695,399655.64,531210,6,5,1,0,7.4,328110.22,3.5368,3.3889,2,1,6,Sole Proprietor,4,6.7,1,2,202828.66,191050.56,CA,1
661,319507.89,391722.67,541511,4,3,0,7,11.2,94479.03,12.0561,11.9164,2,1,4,Partnership,8,32.1,2,3,71762.17,73406.93,TX,1
532,351372.31,353129.25,238210,3,3,1,5,3.1,166901.93,6.3802,6.6942,2,5,6,Corp,8,21.4,0,2,118443.11,113810.08,FL,1
577,776692.3,922360.28,238210,6,3,0,7,16.1,269979.01,15.9506,17.7412,4,5,5,Sole Proprietor,4,28.8,0,0,206625.71,192654.52,IL,0
677,513056.51,556060.38,541511,6,2,1,0,6.7,377671.72,8.3994,7.9411,6,3,8,Corp,6,20.2,2,0,317413.27,312961.97,GA,1
644,1031121.5,1019347.69,238210,1,1,1,9,22,412911.87,6.2388,5.7564,1,6,2,Partnership,3,48,1,2,236634.8,204403.92,OH,0
726,1719426.58,1674697.23,621111,2,4,1,20,9.2,345919.79,9.0903,9.501,4,1,4,LLC,6,43,0,2,182240.46,173332.26,OH,0
571,693364.15,614829.69,541511,1,4,0,0,7,65963.98,10.196,10.5088,1,2,3,Sole Proprietor,7,31.3,1,3,35957.25,31291.02,WA,1
564,1423655.39,1420023.2,445110,3,2,1,20,12.5,122872.74,16.5538,14.9838,1,6,9,Corp,8,25.2,1,2,64611.74,56429.21,NC,1
656,923348.81,1135922.96,238210,4,5,0,25,14.8,602792.67,8.298,9.1488,4,6,1,LLC,3,25.5,1,2,354657.06,366635.73,NY,0
639,1264564.65,1564980.94,445110,6,2,0,8,16.8,73807.11,9.1491,9.6106,7,4,7,LLC,6,28.9,2,1,55591.31,52068.17,TX,1
579,187301.74,184874.49,445110,2,4,1,21,9,310227.81,15.4385,14.2128,2,4,5,Sole Proprietor,9,33.3,1,2,284141.42,273981.27,NC,1
623,729446.35,769921.44,722511,4,5,1,8,13.2,30762.37,9.7106,10.2002,3,4,1,Corp,8,33.7,4,2,17707.8,15205.13,GA,1
723,1501432.77,1434989.65,722511,2,5,0,7,12.4,76110.39,7.7765,7.4874,7,2,2,LLC,4,16.4,0,1,49364.35,47079.77,NC,0
590,1019359.73,868939.91,238210,1,5,1,20,11,215598.09,15.4425,14.5235,7,6,6,Corp,4,17.5,2,1,153802.07,135638.78,GA,1
625,393296.73,400424,238210,3,3,0,5,7.5,299049.21,10.2743,10.6248,8,5,9,LLC,5,33,1,4,134601.72,128777.23,WA,1
553,1652189.73,1736933.08,445110,1,4,0,14,5.9,187942.68,7.7571,7.9905,4,4,1,Corp,6,41.8,2,1,160966.17,149371.23,IL,1
610,692058.05,817722.67,445110,1,3,1,17,22,110529.72,9.3874,8.4999,7,6,3,LLC,5,16.7,1,1,80359.19,83340.17,FL,0
604,1140002.31,1170665.19,238210,3,3,0,8,8,222711.7,4.4589,4.7963,5,5,3,Corp,4,30.4,0,2,110788.26,110231.11,TX,0
713,1004305.8,982103.02,722511,4,3,0,28,10.4,158757.18,9.9296,9.3695,6,3,4,LLC,5,19.1,0,0,93954.51,97089.83,TX,0
565,160167.73,193373.54,238210,2,3,1,13,2,86019.19,12.7467,13.2642,1,2,3,Corp,5,37,0,2,67579.73,62602.2,IL,1
673,3503024.23,3630055.43,445110,2,1,0,1,15.7,138478.06,8.9585,8.6635,6,1,5,LLC,4,24,1,1,126954.43,123482.45,IL,0
580,804667.47,942837.51,541511,2,1,0,9,14.5,213480.86,16.6318,16.6735,5,1,3,Corp,9,14.3,1,2,124601.6,121173.7,OH,1
678,2573917.7,3049564.29,484110,2,4,0,26,13.4,197423.84,11.536,12.9245,2,3,2,LLC,3,29.9,2,1,186106.02,170574.7,NC,0
500,939976.64,919439.64,541511,4,2,1,16,4.5,174254.49,11.3314,11.2118,8,2,8,Partnership,4,20.4,2,3,126045.61,107703.59,OH,1
705,300924.93,303893.57,722511,1,1,1,13,9.9,166727.71,4.4592,4.5109,4,4,8,Corp,7,37.4,1,0,133791.97,136464.85,FL,0
534,637199.82,569414.05,531210,3,5,1,6,9.6,180066.73,13.4252,12.3574,5,1,2,Sole Proprietor,4,17.2,1,3,156347.55,160831.1,OH,1
695,781769.66,939339.38,236220,1,2,1,12,13,352308.75,7.0004,8.0377,3,6,9,Partnership,4,29.9,1,1,299610.97,291657.46,AZ,0
691,406845.57,382405.46,722511,2,3,0,23,14.3,85528.06,17.4678,17.0205,2,3,6,LLC,4,4.3,1,1,46632.19,44245.81,NY,0
681,1326872.13,1645149.32,445110,5,1,1,9,18,121720.89,10.0847,11.3145,8,5,5,LLC,3,62.4,1,1,110120.99,110418.36,NY,0
544,232491.2,246061.24,238210,3,1,1,5,11.3,51391.62,9.446,10.7656,5,4,8,Corp,6,21.3,1,1,40102.39,42021.17,IL,1
593,960616.97,897132.25,531210,4,3,0,20,14.4,220692.13,10.5794,10.4416,3,2,1,Sole Proprietor,4,46,1,2,207959.96,212101.98,CA,0
544,281239.74,339352.4,531210,4,4,0,3,0.5,64837.06,11.8403,12.0186,5,6,4,LLC,7,40.8,2,3,51523.97,49585.09,GA,1
730,527297.84,571887.06,484110,5,1,1,12,13.1,88791.27,7.7075,7.7858,1,4,8,Partnership,3,25.5,1,0,50829.43,49281.58,FL,0
731,704395.98,664757.37,238210,2,1,0,17,12.1,171140.29,10.4544,10.5045,8,2,9,Corp,8,18.6,2,2,140965.41,147429.85,NC,0
592,958498.18,1153725.86,445110,5,2,0,10,12.4,200332.57,5.3691,5.0972,8,2,8,Sole Proprietor,2,4,0,1,144702.94,130201.18,FL,0
709,1073726.09,1163519.99,484110,1,3,0,21,10.7,94545.4,7.8014,7.2193,7,2,5,Corp,2,33.8,0,1,49107.36,49717.26,FL,0
707,2294873.59,1983743.65,541511,3,3,1,12,0.5,252235.91,12.7428,12.1872,4,1,6,Corp,6,14.6,1,1,165061.05,147486.29,AZ,1
601,344158.93,340749.03,236220,2,2,1,0,6.7,280291.42,14.2692,15.978,6,6,3,Partnership,7,13.5,2,1,220157.89,207159.45,FL,1
753,459520.15,493402.15,445110,1,4,0,20,4.4,193324.77,8.5418,9.7055,4,2,7,LLC,5,31.5,0,0,117857.06,110403.84,WA,0
567,1296959.1,1576641.22,484110,3,3,1,4,7.9,109923.08,15.3111,13.9281,1,5,5,Sole Proprietor,6,39.5,3,2,93063.3,92798.28,NC,1
704,366855.89,365730.05,236220,1,1,0,10,9.1,269027.57,3.5,3.7778,7,1,3,Sole Proprietor,4,11.3,3,0,194598.69,173936,NY,0
657,730779.52,750046.39,445110,5,5,0,9,3.1,71567.61,12.8774,12.9796,7,1,3,Sole Proprietor,6,50.4,3,2,48368.03,48104.07,TX,1
633,334508.6,367062.82,238210,3,1,1,14,4.3,274054.08,6.9186,7.9338,2,1,7,Partnership,4,40.5,0,1,161851.44,157262.74,TX,0
663,1825142.34,1763520.14,541511,6,4,0,15,6.6,116381.93,10.8301,12.1433,7,3,7,Sole Proprietor,3,3.5,0,0,54972.74,50824.28,FL,0
692,609451.84,707596.22,722511,4,2,1,21,11.3,133785.12,5.5031,5.8373,8,2,7,Corp,4,33.2,1,1,61539.14,59543.64,GA,0
615,1558086.14,1449274.11,531210,1,5,0,9,9.2,271172.28,10.2327,10.3869,7,4,8,LLC,5,30.7,1,1,184739.7,162848.54,FL,1
624,1260906.73,1073960.93,621111,1,2,0,23,7.9,67125.87,8.505,9.7206,8,2,4,Sole Proprietor,1,16.7,1,1,35851.89,33157.71,WA,0
500,667230.15,786964.04,236220,3,5,0,10,7.5,277825.43,8.2811,9.491,4,3,9,Partnership,6,30.6,1,2,204387.11,183494.46,NY,1
500,577409.32,523236.82,484110,2,5,1,16,9.3,114752.31,16.4828,16.1628,4,4,4,LLC,6,29.1,2,3,79345.93,80729.75,NC,1
713,1654195.13,1603078.95,531210,6,3,1,18,23.5,154299.11,7.3358,8.2346,6,5,4,LLC,7,22.7,2,0,131105.34,133877.49,AZ,0
591,602285.27,684861.05,531210,6,3,0,4,8.1,86745.34,13.8419,15.4009,1,6,6,LLC,8,43.9,3,2,72879.16,68934.5,TX,1
694,545676.85,606778.54,531210,3,1,1,12,3.1,320034.31,10.2138,9.8076,3,1,8,Partnership,3,23.2,1,2,162877.54,147109.35,FL,1
727,967958.51,895767.91,621111,1,2,0,11,8.1,123141.18,3.5,3.3251,5,1,1,LLC,3,27.2,0,2,88901.24,91178.47,NY,0
677,735855.12,754006.46,541511,6,1,1,3,9.2,233415.49,9.3099,9.4914,4,6,4,Sole Proprietor,7,27,2,2,117561.16,111627.79,CA,1
706,2105941.47,1918786.54,238210,5,2,1,18,5.7,97891.41,9.8188,10.3934,8,1,1,Corp,3,40.6,0,1,82565.6,70344.88,NY,0
689,890741.86,1000931.09,531210,3,1,0,8,13.6,123919.53,13.4939,12.7613,7,1,1,Partnership,8,41.4,2,1,63024.85,54544.29,NY,0
702,296728.79,329984.9,531210,3,2,0,10,6,190958.32,15.0568,14.5969,5,1,3,LLC,8,5.3,0,0,143200.08,145130.19,CA,1
559,755926.32,747027.39,722511,1,3,1,18,5.9,155971.41,13.3673,12.5114,7,5,5,Corp,6,21.2,1,2,103762.03,96226.17,WA,1
698,565688.53,538510.65,236220,4,4,0,17,11.7,134851.97,8.3628,8.2739,6,5,9,Sole Proprietor,8,47.4,1,0,121105.49,113034.29,OH,0
579,564191.84,479797.35,484110,4,5,1,11,0.5,192383.1,15.4083,16.6302,6,3,4,Sole Proprietor,9,21,2,4,179330.47,167735.38,NY,1
569,614674.07,645786.64,236220,5,3,1,4,8.9,173159.74,12.3433,12.4785,2,6,5,Partnership,5,22.2,0,0,106687.57,101401.8,WA,1
635,2569769.27,2360396.61,722511,6,2,1,17,7.6,140188.14,8.5614,9.8028,7,4,1,Corp,6,28,0,0,72675.36,65939.03,CA,0
669,1856505.79,1770061.7,484110,6,4,1,22,3.4,162206.79,10.3491,10.1212,2,6,2,Partnership,4,26.2,0,1,137175.49,141238.23,TX,0
605,519318.64,577821.12,531210,1,5,0,2,5.9,77154.48,11.5871,13.1989,8,4,3,Partnership,7,31.4,1,0,51903.71,53913.79,GA,1
638,500967.45,488781.12,445110,6,5,0,14,9.8,212919.83,8.0488,8.353,1,2,5,Sole Proprietor,9,4.6,0,2,175003.95,178915.38,FL,1
695,2177731.15,2602881.03,484110,6,4,1,14,4,179372.45,10.4506,10.3101,4,5,2,Partnership,1,2.2,2,1,100130.32,100757.12,NY,0
702,1572824.77,1861768.58,621111,4,3,1,24,20.6,186961.54,10.1968,10.3672,3,1,4,Sole Proprietor,4,20,0,0,147071.46,144981.8,FL,0
563,2067966.22,2250797.34,445110,2,4,0,11,3.7,69542.78,13.911,12.8492,2,4,1,Partnership,6,43.3,3,2,47406.61,49101.98,WA,1
696,750424.37,897778.89,541511,3,3,1,14,18.7,150003.27,8.0542,8.8612,4,3,6,Partnership,5,25.8,1,0,110384.7,113366.03,OH,0
617,816525.35,703965.09,541511,5,1,0,8,11,108229.43,14.2897,15.7083,8,6,5,Sole Proprietor,8,6.9,0,3,95557.04,81479.06,NC,1
686,693637.59,823512.76,445110,6,2,1,26,6.5,345856.43,5.5863,6.0651,5,2,5,Partnership,7,22.5,1,2,322585.54,306535.63,WA,0
722,571733.63,641703.64,722511,4,2,0,17,21.2,86286.66,7.7223,7.6995,2,4,9,Corp,6,56.1,1,1,44261.45,46113.53,TX,0
706,591391.31,737504.21,621111,5,5,1,19,13.4,85089.43,3.7071,4.1457,7,5,7,LLC,2,39.8,2,0,40264.88,35784.22,IL,0
631,1283208.35,1101002.36,238210,5,3,0,16,11,74094.4,5.8957,5.5424,6,5,8,Partnership,7,25.9,1,2,47118.67,46684.99,GA,0
607,1727749.99,1573806.11,484110,3,4,1,21,12,329039.12,9.166,10.4205,7,5,2,Partnership,3,46.8,1,2,181348.95,172943.98,NY,0
660,879109.45,1032936.8,238210,4,5,1,20,16.9,219813.1,10.7101,10.1309,2,2,8,Corp,1,14.5,0,0,126667.67,113629.87,NY,0
732,452948.16,464250.41,621111,2,5,1,17,13.1,117423.23,10.1606,10.3967,1,4,3,Corp,3,28.5,1,1,105068.71,91603.52,IL,0
647,221625.73,257276.69,541511,1,1,0,18,3.8,138011.17,7.2463,7.4803,7,6,1,LLC,5,25.7,1,2,102715.77,97944.41,NC,1
558,572920.58,656062.25,236220,2,2,1,3,14.9,357064.11,11.8554,12.1642,7,4,7,Partnership,6,26,1,2,256897.23,260452.68,IL,1
720,1758558.04,1597136.43,484110,5,5,1,15,13.3,190838.06,8.5671,9.1414,6,2,6,Partnership,6,28.9,0,2,145363.87,129764.64,NC,0
619,1461474.72,1760691.89,541511,1,2,0,14,9,127691.79,12.7817,11.9923,6,2,2,Partnership,6,32.4,3,2,93822.75,84343.55,NC,1
713,1775024.11,1947094.81,531210,1,4,0,10,19.1,97599.07,3.8628,3.5205,1,4,9,LLC,3,45.3,1,1,84520.87,86808.69,IL,0
554,1275551.19,1182109.27,531210,6,5,0,10,9.4,261741.3,7.9747,7.62,3,5,2,Partnership,6,40,3,0,204064.75,177743.59,FL,1
697,1033458.4,1031632.23,236220,2,2,0,2,9.7,57246.76,11.3682,12.3207,8,3,5,Corp,5,39.5,2,0,44625.39,40397.47,IL,0
669,1075256.59,1043321.91,445110,4,1,1,10,16,253938.44,16.131,15.5359,1,3,4,Corp,5,8.8,1,3,120343.39,122411.1,IL,0
624,502328.67,445960.7,621111,5,2,1,12,5.9,160539.29,8.2104,9.3122,3,6,3,LLC,4,41.3,1,4,97602.19,98031.88,TX,1
692,849371.85,1011586.43,238210,3,1,1,11,8.2,164982.52,19.3983,19.2205,2,1,8,Partnership,8,38.1,0,1,139108.88,137414.43,TX,1
622,328752.65,337503.38,541511,3,2,1,11,5.4,460439.06,18.7919,19.5851,3,2,2,Corp,7,17,3,0,215017.75,205571.25,WA,1
698,729952.89,780420.16,238210,4,3,0,22,16.8,267529.36,9.6686,9.0713,8,1,4,Partnership,3,14.8,0,2,181242.06,167842.18,IL,0
500,322153.89,295781.23,531210,6,2,0,13,10.8,280767.41,17.1373,17.5387,4,2,9,Sole Proprietor,6,34.8,2,2,171820.76,178647.05,FL,1
569,431190.07,401175.35,484110,6,2,0,16,8,113334.56,17.147,15.8729,3,1,4,Sole Proprietor,6,27.4,2,2,71882.71,66402.98,AZ,1
670,692745.69,716338.67,445110,2,2,0,7,5.3,165279.63,6.2318,6.63,7,2,4,LLC,3,42.9,1,0,133810.68,137388.53,AZ,0
642,837609.25,985423.07,484110,6,2,1,13,25.8,76252.88,12.4443,12.5032,6,2,9,Sole Proprietor,1,21.2,2,0,58026.57,57460.63,IL,0
690,2025842.97,2183620.91,722511,2,1,1,11,6.3,424203.79,4.125,3.8557,7,4,2,Partnership,4,35.4,2,2,391160.91,349024.96,WA,0
588,303451.23,358919.97,484110,4,2,0,20,10.4,203755.2,9.1341,8.5423,6,2,1,LLC,7,39.8,2,0,108367.52,104390.94,CA,1
629,6415940.91,7172284.7,722511,1,5,0,23,15.1,91718.15,5.2295,5.092,1,5,1,Corp,4,24.4,1,1,84017.82,73432.32,FL,0
601,484650.43,488475.94,722511,6,5,1,2,8.3,214943.18,12.5703,13.6908,4,6,9,Corp,4,33.4,2,3,179821.83,174745.82,AZ,1
563,319259.89,335953.95,722511,5,1,0,17,8.2,95664.25,15.9259,17.1602,6,2,7,Partnership,6,41.7,0,3,65488.56,64189.43,NC,1
677,1118860.94,997828.75,236220,1,5,1,2,7.5,79077.12,6.5684,6.9887,2,6,4,Corp,4,18.5,0,0,58865.41,58557.4,FL,0
689,737773.48,774228.97,621111,2,5,1,0,13.1,207628.45,9.3165,9.1456,3,5,2,LLC,3,2.8,2,1,138667.26,127523.57,WA,1
598,755651.75,692271.11,445110,2,3,0,6,3.8,81962.26,15.8168,17.6038,2,3,6,Partnership,4,21.3,1,0,40857.28,41640.08,WA,1
582,1233057.63,1079043.12,541511,4,4,1,7,17.3,127944.23,10.1682,9.9177,1,3,7,LLC,4,20.8,2,0,73632.71,68958.62,TX,0
609,1083168.37,922838.08,531210,5,1,0,18,3.5,159804.93,9.9001,10.8715,4,5,4,LLC,3,29.8,0,2,136086.6,139220.17,FL,0
599,326124.98,376469.38,238210,1,5,1,7,9.1,57640.14,12.2313,13.4455,4,3,3,LLC,6,40.4,1,2,30217.44,27074.83,TX,1
600,310876.66,270285.71,236220,4,1,0,0,12.8,80381.64,11.5967,12.5573,6,2,3,LLC,2,36.1,1,2,36881.1,33464.02,NC,1
565,576983.86,523189.56,236220,4,1,1,4,16.4,246191.48,4.5474,4.436,4,2,7,Corp,6,28.5,0,4,205307.8,182905.87,OH,1
546,970478.87,936255.72,621111,1,2,0,24,8.4,185710.01,18.6588,19.4108,2,4,7,LLC,3,20.4,2,2,108588.05,104475.53,CA,1
707,648594.53,584284.02,484110,2,1,1,9,14,195933.11,9.5312,10.1869,4,6,3,Partnership,6,30.4,1,0,93380.07,97413.66,NC,0
646,1459587.37,1651869.47,484110,1,4,0,20,8.2,105506.38,8.9285,9.7963,2,5,9,Partnership,3,23.9,0,0,93532.8,82859.1,IL,0
688,1389419.62,1727241.1,236220,1,2,1,11,13.5,142783.05,9.7043,10.8572,4,2,2,LLC,5,37.9,0,3,132659.73,128405.47,AZ,0
670,1334524.06,1190478.1,621111,1,2,0,4,3.7,185971.49,13.4727,13.3674,2,4,2,Partnership,2,27.3,2,0,104556.39,93824.71,CA,0
688,646949.27,568343.5,722511,3,4,1,0,4.2,98635.9,8.4332,8.191,7,4,4,LLC,5,17.1,1,0,51813.35,44957.43,NC,1
632,544268.29,609859.58,236220,4,3,0,16,14.7,153507.62,14.2142,13.2141,3,2,6,Corp,9,47.1,0,4,104885.36,99504.28,WA,1
707,2429615.43,2677331.47,541511,1,1,0,20,17.1,195463.64,9.7517,10.8565,3,2,7,Partnership,3,35.4,1,1,100128.03,93480.23,NC,0
610,566635.47,531432.13,484110,4,2,1,12,16.4,296118.71,11.04,11.9889,4,4,1,Partnership,7,18.4,3,2,274986.66,272884.13,IL,1
647,838170.35,947922.58,236220,1,2,0,9,11,171447.93,11.3705,10.9614,8,2,2,Sole Proprietor,4,40.3,0,0,146654.1,151199.06,FL,0
554,867537.44,774561.92,445110,2,1,1,0,11.2,292797.23,16.7901,16.3131,5,3,2,LLC,2,21.4,0,2,260037.19,235012.63,WA,1
641,875578.74,1028576.27,722511,6,4,1,8,10,157466.4,13.4649,15.1575,3,4,8,Sole Proprietor,7,33,2,3,116744.16,111874.76,IL,1
628,1906748.52,2173562.39,484110,6,2,1,26,7.3,235428.08,8.2825,8.4675,5,4,2,Corp,5,27.2,1,1,134104.5,125481.17,WA,0
670,1798347.02,1960697.4,531210,1,2,1,9,13.8,197499.78,11.3724,12.4939,6,2,4,Sole Proprietor,5,14.3,1,2,178405.72,165304.28,AZ,0
609,2174606.03,1881174.92,445110,5,2,1,10,2.5,154759.78,6.0716,6.9023,4,6,7,Corp,5,44.1,1,1,114219.2,118419.02,GA,0
585,327534.56,326191.36,484110,6,2,0,9,6.2,140448.44,16.2882,15.3749,3,5,6,Corp,5,14.7,3,0,113547.4,107352.72,FL,1
635,1268442.55,1367233.88,445110,2,4,0,0,0.8,168729.1,13.4757,12.8876,5,2,4,LLC,7,28.9,0,2,76908.81,69708.71,NC,1
636,1019389.17,986408.95,236220,2,3,1,13,0.5,277733.28,13.1511,14.4685,4,1,8,LLC,8,28.8,0,3,220265.59,196680.64,CA,1
679,850896.06,1026144.17,238210,4,3,1,8,9,267199.17,15.5141,15.2977,7,5,8,LLC,7,25.7,2,0,155266.9,156858.38,GA,0
591,721568.82,618950.37,484110,6,5,0,11,10.2,122580.83,15.4561,15.8001,5,4,9,LLC,6,27.2,0,1,70180.25,70902.19,FL,1
584,478462.93,558277.4,541511,5,3,0,15,11.6,51842.13,17.882,20.1192,8,2,7,Partnership,6,14.4,0,0,27363.61,25047.98,TX,1
665,1123271.27,1162568.37,722511,5,3,0,13,6.8,206032.75,12.9096,12.3677,7,4,1,Sole Proprietor,3,22.7,2,0,130415.18,113403.48,TX,0
725,374752.04,387208.86,722511,3,2,0,10,3.8,285109.27,7.5683,8.284,1,3,2,Corp,9,49.8,1,1,227159.17,202850.65,OH,1
595,498351.7,537670.52,236220,4,2,0,11,12,66367.48,13.7745,13.8779,4,1,5,Sole Proprietor,7,24.1,2,2,48419.95,45329.19,IL,1
727,1129690.14,1073070.39,531210,4,2,1,22,4.3,127312.89,10.6621,9.6165,1,6,5,LLC,8,7.6,1,0,69156.14,69953.77,FL,0
666,2277652.44,2582311.78,621111,5,1,0,12,20,149968.33,9.4282,8.6333,7,6,7,Partnership,3,22,1,2,108832.04,96140.08,IL,0
721,1359073.89,1390238.35,236220,3,4,1,8,4.9,200869.06,6.1361,6.9883,6,5,7,Sole Proprietor,6,7.6,0,2,144131.13,151170.89,FL,0
748,266090.54,325780.3,531210,3,5,1,1,1.8,206417.04,14.7907,15.5105,8,1,5,LLC,1,24.5,2,1,96221.92,86912.01,TX,0
663,422500.23,444376.13,722511,1,2,0,24,16.8,480078.52,10.8625,10.769,6,2,4,Partnership,5,27.8,1,1,306021.8,296151.61,IL,0
577,592510.74,580976.07,621111,2,5,1,20,1.1,140233.86,8.7012,9.5027,4,6,5,LLC,2,17,0,1,81395.95,80256.09,AZ,0
637,672683.95,814361.66,621111,6,1,0,26,12.1,61755.25,11.7379,12.8789,5,3,9,Corp,8,43.3,2,1,35646.68,31382.96,CA,1
787,812468.95,836976.71,236220,6,5,1,23,9.1,195601.69,11.8677,12.3365,7,1,6,Partnership,4,35.8,0,0,91947.3,84005.02,NC,0
626,937676.98,858151.63,621111,1,4,0,11,13.2,200807.48,15.4746,15.8484,3,5,7,Partnership,2,27.9,0,0,143396.08,132271.62,WA,0
574,618451.4,664819.69,236220,2,1,0,2,0.6,110829.25,10.5553,11.4934,8,3,5,Corp,7,20.9,2,1,50644.4,51895.41,IL,1
557,750329.9,819843.81,445110,2,4,0,16,16.2,109249.27,9.8061,10.9512,2,5,2,LLC,3,4.8,2,2,73547.9,64647.12,WA,1
801,408908.17,463677.44,484110,3,3,1,21,18.6,123623.23,10.3389,10.8464,3,3,2,Partnership,7,14.7,1,0,81272,83119.45,AZ,0
646,1611564.72,1872683.99,541511,1,3,1,19,5,170665.54,3.5,3.5045,5,4,6,LLC,3,4.9,1,2,104144.16,91871.44,GA,0
560,395436.09,477637.43,621111,2,3,0,0,7.9,150260.88,14.109,16.0703,1,5,2,Corp,8,1,0,0,77471.14,68927.37,TX,1
717,1583385.33,1975364.34,531210,5,5,1,26,4.8,190182.98,13.6564,13.7006,2,4,3,Corp,1,31.1,0,1,172849.03,170935.34,NY,0
501,505613.15,435478.44,238210,5,1,0,13,5.8,197829.39,15.1578,17.2392,3,4,3,Corp,7,11.9,2,2,132302,131144.2,AZ,1
624,845510.43,1007484.01,531210,4,2,0,17,15.8,186778.98,13.4715,15.2445,2,1,8,Corp,7,29,0,0,141522.81,123800.36,NY,1
678,579819.5,513335.26,236220,5,2,0,13,10.2,173683.86,11.3924,10.8881,1,4,1,LLC,4,1,1,1,125329.27,127521.62,NC,1
716,1913193.89,2149411.22,722511,4,4,0,24,14.2,90902.78,3.5,3.2157,7,3,3,Partnership,3,35.6,0,1,42515.53,42585.5,AZ,0
735,1335150.33,1156904.01,531210,4,2,1,23,15.2,182084.68,3.981,4.3946,5,3,2,Corp,4,27.8,3,0,166436.98,150518.21,AZ,0
632,1641238.12,1968671.67,722511,5,5,1,18,3.2,91764.88,7.9712,8.8645,8,3,6,Sole Proprietor,4,35.6,0,0,83120.45,77005.14,TX,1
611,662926.61,776068.24,484110,5,5,0,7,21.3,158442.14,9.5138,8.8335,7,4,9,Sole Proprietor,7,11.1,1,2,102915.66,106591.88,OH,1
567,838088.52,969653.59,722511,5,4,0,14,9.3,142801.75,10.9666,10.4987,8,4,8,Corp,8,32.3,0,4,126929.49,115287.01,AZ,1
629,586775.41,504674.96,484110,2,2,0,9,3.4,54782.47,11.3025,12.9719,7,3,9,LLC,3,32.9,1,1,35202.33,32308.75,AZ,1
633,2289569.85,2531352.74,238210,4,4,0,15,11.8,216924.28,10.0808,9.8408,5,4,9,LLC,4,7.7,0,1,144817.75,136757.18,IL,0
663,481183.93,570462.34,445110,4,1,1,9,10.3,121277.02,9.1688,8.6693,2,1,7,Sole Proprietor,6,28.9,0,1,102980.79,89608.44,FL,0
564,1779115.23,1765625.44,621111,4,3,1,20,15,143400.28,7.4353,8.3201,7,6,2,Partnership,4,32.1,0,1,120166.98,123577.73,CA,0
692,951242.69,979021.14,238210,3,3,1,21,10.8,99579.18,6.6217,7.1738,5,6,6,Sole Proprietor,4,19.1,0,0,71429,61885.95,GA,0
627,558519.03,694908.07,722511,2,2,0,11,11.6,110943.8,13.655,14.778,2,1,7,LLC,7,35.3,1,0,83039.26,85351.94,GA,1
539,476971.2,543981.59,531210,2,1,1,21,10.8,128132.07,13.452,13.8103,3,5,5,Corp,5,10.4,1,2,83467.75,74869.66,GA,1
769,489221.76,422123.7,484110,6,1,0,6,9.5,168613.22,8.3027,9.4379,1,3,2,Partnership,6,14.6,1,0,139507.79,144403.36,CA,0
665,320352.85,370493.17,236220,2,4,0,2,9.2,121729.23,15.9425,17.8912,2,1,8,Corp,7,23.3,1,2,110770.89,95519.63,GA,1
693,1322439.69,1321331.47,722511,3,3,0,24,14.1,235818.82,16.3514,16.7125,3,2,7,Sole Proprietor,3,2.3,1,1,189654.91,175241.55,FL,0
667,919739.79,1022749.15,445110,6,2,1,12,5,187629.91,13.3712,13.898,1,4,7,Corp,8,48.5,2,3,141092.5,131104.99,NC,1
616,1625641.85,1594190.97,484110,1,4,0,8,13.7,163015.44,13.218,14.5154,1,4,5,LLC,3,29,0,4,94267.62,80729.46,TX,1
625,741538.05,880429.43,238210,4,5,0,3,0.5,176889.3,4.9609,4.7693,4,2,7,LLC,6,22.6,0,3,164717.54,154733.82,OH,1
588,424166.87,466631.32,445110,5,3,1,10,13,162891.1,6.6098,6.0019,4,4,5,Partnership,5,15.4,0,1,110918.46,116390.23,TX,0
622,1189448.97,1245422.86,238210,5,2,1,23,6.5,129150.72,9.2384,8.3544,8,6,7,Corp,5,22.8,1,1,74482.48,75442.97,NC,0
744,1473517.37,1559098.88,236220,4,5,1,9,6,404623.19,8.5726,8.8864,8,1,1,Partnership,7,1,0,1,312106.59,308261.33,FL,0
512,943330.18,1026531.79,541511,2,5,1,25,8.9,95302.68,14.832,15.0958,2,6,4,Partnership,7,11.8,0,2,43213.95,44120.97,GA,1
571,638219.66,606139.1,445110,2,2,1,10,3,93335.96,18.6918,17.9432,5,4,4,Partnership,7,32.7,3,1,44144.97,46285.64,GA,1
705,907597.47,1019055.87,236220,3,2,1,17,12.7,86452.11,10.8433,10.5909,7,3,5,Partnership,4,25.9,0,2,74789.21,75891.6,OH,0
738,487095.7,533322.67,722511,5,4,1,19,17.1,152310.08,3.5,3.1734,5,6,1,Sole Proprietor,4,45.2,0,0,135256.12,128360.78,OH,0
593,1030152.43,1053259.31,541511,1,2,1,13,6.9,228267.12,5.927,6.8065,5,3,9,Partnership,4,18.4,1,2,177097.56,181397.81,CA,1
578,1717828.43,2050300,531210,4,3,1,10,20.5,238164.51,9.8927,10.8626,8,4,5,Corp,1,28.5,0,1,173717.63,180068.24,GA,0
601,1314255.01,1327349.31,541511,6,3,1,25,7.4,163260.61,20.3496,18.3683,6,2,8,Partnership,8,10.2,1,2,108906.62,110927.8,WA,1
684,714840.2,858098.4,445110,4,3,0,30,10.7,317565.51,9.0214,10.0495,2,3,5,Sole Proprietor,3,23.6,0,1,161766.08,155275.97,IL,0
522,2706857.59,3258853.58,722511,4,4,1,8,6.4,142991.95,7.117,6.6914,1,5,1,Partnership,2,41.2,1,0,132725.32,136831.18,TX,1
529,1382884.67,1569779.72,238210,2,1,0,6,1.7,95904.67,9.1544,9.8756,6,5,3,LLC,6,29.3,3,1,78964.57,74574.76,AZ,1
693,1052779.6,1159135.82,541511,3,2,1,7,23.8,151343.82,5.2673,5.777,3,4,8,Sole Proprietor,3,24.1,1,1,80016.09,73572.58,IL,0
640,389112,366706.77,484110,4,3,0,17,10.5,142914.34,11.5557,12.2936,1,6,8,Sole Proprietor,8,27,2,0,115153.6,109818.36,FL,1
554,661789.65,617278.31,238210,5,3,0,7,7.8,133965.8,13.5798,14.9525,2,4,2,LLC,3,49.6,2,1,99003.36,90440.65,OH,1
657,1842600.4,2013715.21,238210,6,3,0,19,9.8,223265,13.0199,12.7588,1,2,2,Sole Proprietor,4,24.7,0,2,120757.6,122634.62,TX,0
525,612277.42,596671.51,722511,5,3,0,6,6.1,123803.81,7.5169,8.1663,2,2,6,Partnership,5,28.9,1,3,69372.54,60432.28,TX,1
739,558402.32,529888.18,541511,4,1,0,19,5.5,254358.61,10.9695,11.2437,7,6,2,Sole Proprietor,5,21.1,0,0,148934.62,129941.25,GA,0
696,2318120.56,2184505.03,484110,3,4,1,10,10.7,87800.38,6.687,6.202,7,4,6,Corp,5,36,1,3,62843.09,62296.23,TX,1
510,1218821.54,1240179.93,722511,2,5,0,0,17.3,369630.06,3.6203,3.4534,6,1,3,Partnership,5,13.2,1,1,213175.2,186887.16,OH,1
672,883416.27,1084990.83,484110,4,3,1,11,12.8,141420.64,7.9692,8.9311,7,3,3,Partnership,4,24.9,0,1,123944.16,116788.77,AZ,0
628,457097.63,446913.3,238210,3,2,0,25,16,105280.35,6.728,6.3026,6,5,2,Sole Proprietor,4,25.2,2,1,91379.77,81589.89,NY,1
694,3376503.39,3621228.34,484110,6,5,0,21,14.4,119885.45,10.3786,10.0973,8,4,5,Partnership,8,2.3,1,2,69439.46,71292.65,TX,0
605,302937.63,341320.07,722511,5,4,1,8,7.8,112724.25,10.2688,11.733,3,5,9,Corp,6,7.3,3,2,63079.03,59471,FL,1
793,1355078.43,1541759.84,236220,6,3,0,14,12.9,471491.55,9.4287,10.6576,7,5,9,Partnership,4,23.7,1,0,274189.21,263133.41,FL,0
622,483958.72,453483.91,722511,4,2,0,20,20.1,251049.65,9.1374,8.9688,2,2,2,Corp,9,30.2,1,2,117421.81,105550.57,GA,1
551,495134.46,491425.42,531210,1,3,1,29,19.7,425388.64,13.7593,13.4557,7,2,4,Partnership,3,36.4,0,2,341698.35,344158.55,AZ,0
675,589010.43,685141.67,722511,5,1,0,22,0.5,111486.09,8.3649,8.7361,4,6,5,Corp,3,26.8,0,0,66706.36,62364.04,NC,0
548,575699.25,568569.14,484110,4,2,0,24,15.1,72669.68,15.2027,16.7196,3,6,5,Partnership,6,39.2,0,0,36859.71,37611.39,OH,1
699,3535365.62,3847722.45,484110,4,3,0,16,6.6,109083.16,11.2204,11.5547,2,4,9,Corp,3,50.1,1,0,68678.74,58698.13,IL,0
651,454225.95,409651.69,531210,4,1,1,24,8.8,62287.64,14.515,13.2787,5,2,8,Corp,5,16.4,0,1,38318.25,33765.57,WA,0
820,792110.1,876800,531210,3,1,1,22,10.5,134088.47,8.74,9.2856,3,6,9,Sole Proprietor,1,11.9,0,2,120381.98,119485.47,CA,0
740,475056.95,497935.2,484110,3,5,1,5,0.5,346162.98,7.054,7.6461,7,6,6,Corp,4,22.1,0,0,241129.28,208713.54,CA,0
727,2872827.48,2877623.09,531210,2,3,1,16,11.5,133397.78,5.8575,5.5997,3,5,7,Corp,2,34.1,0,1,93230.32,85742.76,OH,0
771,666570.41,609742.64,236220,2,4,1,18,9.4,357199.42,9.9031,10.0938,4,6,3,LLC,4,44.6,3,3,214174.6,214654.33,CA,1
549,699368.35,668781.71,541511,2,3,0,7,1.2,217872.59,9.3236,10.4579,6,2,2,Partnership,8,40.1,2,3,135539.95,129202.4,NY,1
662,647708.83,741502.74,722511,2,5,1,4,6.3,59244.44,8.2119,8.0162,7,3,3,Sole Proprietor,5,38.1,0,3,47697.44,48095.95,NC,1
692,809413.66,808501.52,541511,4,5,1,16,11.9,183603.29,7.4703,7.0268,6,1,2,Sole Proprietor,1,48.6,0,1,128360.54,111266.45,TX,0
655,1080746.24,1349770.23,541511,3,4,0,0,0.5,278943.66,14.517,13.5212,1,3,5,LLC,4,34.5,1,1,199868.79,197392.89,FL,1
771,1185782.12,1386631.51,238210,6,3,1,11,13.2,132570.59,12.0702,11.646,3,4,3,LLC,4,29.8,1,0,109879.08,109063.36,AZ,0
705,257996.52,262767.44,541511,1,2,0,7,6.1,224889.75,5.6228,5.837,6,2,9,Sole Proprietor,3,36.1,3,0,144870.92,139784.16,NC,0
669,2875133.76,2532654.22,484110,5,5,1,14,5.2,180885.36,8.5283,9.5475,3,6,7,Partnership,5,27.7,1,3,160999.05,138183.06,OH,0
724,1581940.54,1536273.31,238210,3,4,0,28,13.9,56719.09,4.9193,4.8183,7,3,4,Corp,2,46.3,0,1,32850.5,33362.4,NY,0
562,569424.04,560888.75,541511,3,3,0,15,14.2,303632.78,9.5964,9.6387,8,2,6,Sole Proprietor,1,49,2,1,227807.97,232228.17,OH,0
616,1198782.92,1311161.94,541511,1,1,1,20,12.8,144401.73,5.7231,5.7913,8,4,2,Corp,8,30.2,1,2,69639.4,70646.98,IL,0
712,263111.9,257078.72,621111,1,1,0,15,11.7,125181.89,11.8541,12.9494,8,2,6,Partnership,4,14.4,0,0,74998.11,70939.48,WA,0
614,1410657.06,1750765.27,238210,5,3,0,8,14.7,202937.2,14.4404,13.3307,1,5,1,Partnership,1,27.8,1,1,155736.81,132496.64,OH,1
631,406198.28,401846.73,541511,2,3,1,18,13.2,169679.42,7.8651,8.9437,2,5,2,Partnership,4,37.5,0,2,80526.93,69166.42,FL,1
626,607195.26,648946.28,621111,5,3,1,1,14.4,107403.78,7.808,7.8186,2,3,6,Corp,5,29.9,0,0,65636.06,61375.32,OH,0
613,1290594.18,1112233.01,236220,4,3,0,28,16.8,291060.66,11.6444,12.1427,3,4,2,LLC,3,46.2,0,0,205398.77,188737.76,IL,0
692,958215.87,1177920.1,236220,6,5,1,26,6.5,286514.86,8.6863,7.9632,8,1,6,Partnership,4,23.6,2,0,185201.05,175563.66,NC,0
704,533926.14,618255.8,238210,6,1,1,7,16,115215.53,9.9847,9.6472,1,6,5,LLC,1,11.9,2,0,91530.46,92013.81,NY,0
661,1161210.05,1425127.16,722511,1,1,1,17,16.9,479508.1,8.4566,8.3984,5,2,4,Sole Proprietor,2,20.2,0,0,249961.27,217167.2,CA,0
608,2296328.43,2791927.31,236220,3,5,0,24,8.3,186996.76,14.5115,16.1937,6,6,6,Corp,1,7.4,1,1,114249.56,112891.68,CA,0
614,723233.65,860606.18,541511,1,2,1,11,18.8,150960.14,7.3047,6.7606,1,2,6,Sole Proprietor,4,9.9,0,0,99126.72,85204.71,NY,0
646,612381.78,558144.1,722511,6,1,1,21,11.7,215107.53,8.1701,7.931,8,1,7,Corp,6,30.8,0,0,181663.13,165438.65,IL,0
681,1173451.02,1350717.1,541511,1,5,0,12,12.2,211305.21,6.2679,6.5114,5,3,2,Partnership,2,31.4,1,0,151136.28,149453.73,OH,0
568,1001292.64,1026461.76,236220,6,5,1,0,3.7,146620.46,13.3957,14.6374,4,1,5,Corp,7,54.8,1,2,135539.12,124639.08,TX,1
739,1743416.38,2155984.23,621111,3,1,0,10,12.8,351542.62,11.821,10.8504,8,6,6,Partnership,4,14,0,1,211690.25,219507.57,FL,0
702,1893129.44,1930953.15,531210,5,3,0,13,14.9,193862.77,4.6849,4.7012,7,3,6,LLC,4,21.1,1,3,108138.97,109288.48,WA,0
725,1053749.23,931906.23,445110,6,3,0,17,22.5,89158.3,9.6999,10.4929,4,1,9,Partnership,3,47.9,1,2,63892.98,62068.31,FL,0
562,853626.2,798590.58,531210,6,3,0,7,9.2,217584.06,16.2712,15.863,8,6,2,Partnership,5,8.9,0,2,158216.05,151968.03,NY,1
646,434085.08,504858.48,541511,5,1,0,0,6.2,207884.26,11.1477,12.4913,2,4,6,Partnership,5,34,0,2,186394.09,163730.18,NC,1
732,1936315.07,2020557.28,621111,2,3,1,6,14.6,224167.08,5.8269,6.176,3,6,5,Corp,3,10.5,1,0,127234.83,124855.93,CA,0
749,2854692.02,2539679.46,238210,4,4,1,25,9.5,130411.16,14.6219,14.2791,2,3,5,Partnership,4,10.7,0,1,60161.52,54930.02,TX,0
703,1251465.49,1543176.95,541511,5,2,1,19,12.4,95177.26,10.1658,9.9953,6,3,9,Corp,3,39.3,1,0,65990.36,66146.91,NY,0
514,542522.29,469956.32,722511,2,2,0,8,8.6,110468.99,13.6847,15.0306,7,6,7,LLC,9,33.3,1,1,67227.62,66558.79,TX,1
621,2654115.08,3227772.82,484110,2,4,1,16,17.9,212439,10.7821,12.0578,4,5,8,Partnership,4,6,0,0,191169.17,168341.72,NC,0
647,200905.97,202376.63,445110,4,4,1,13,5.6,112437.42,13.5,15.1167,4,6,9,Sole Proprietor,6,24.4,1,2,73006.73,66080.89,FL,1
586,354182.78,302630.45,541511,6,5,1,13,9.4,202414.95,8.874,9.9,8,2,1,LLC,5,26.6,1,3,134862.79,125053.19,WA,1
727,1035116.28,1022783.68,541511,5,4,1,5,19.3,215808.37,7.9473,8.7842,2,2,8,Partnership,3,4.4,0,0,152831.27,140238.82,GA,0
580,325136.23,325361.74,531210,4,1,0,12,4.2,180227.82,15.316,15.5523,1,6,5,Sole Proprietor,5,21.3,3,2,122886.15,121414.63,NY,1
630,493018.26,589291.42,541511,6,2,0,20,12.7,205747.35,13.7231,13.9142,5,1,5,Corp,8,22.1,2,2,131447.87,118649.41,NC,1
595,844077.9,942418.06,531210,6,4,0,18,18.6,355891.28,4.1308,3.8597,4,4,2,Corp,4,9.9,0,2,175596.33,160782.96,AZ,0
788,2511268.64,2519031.59,722511,2,5,0,5,14.2,166797,9.8831,9.5188,1,3,7,LLC,5,20.9,0,2,89204.16,85439.39,GA,0
561,160595.3,189289.75,484110,3,5,1,0,7.3,337596.89,16.1056,16.4706,2,4,3,Sole Proprietor,9,25.8,2,3,175074.09,176566.86,AZ,1
590,1923810.85,2283405.01,445110,3,1,0,14,2.2,121699.05,11.483,11.7926,7,2,8,LLC,7,41.8,0,0,71960.25,62698.75,WA,1
616,1162451.85,1350726.95,541511,1,3,1,14,5.7,93477.39,12.8219,14.5342,2,1,3,Partnership,5,13.9,0,0,73431.46,64902.17,TX,0
711,1056192.52,1275368.76,722511,4,4,0,19,7.4,107181.53,11.0145,12.6655,6,1,4,Partnership,4,27.1,0,1,53064.74,48116.84,AZ,0
719,858352.73,936143.09,484110,5,4,1,18,5.7,147416.17,11.1796,12.4832,1,2,5,Sole Proprietor,2,31.4,1,2,103594.33,92326.62,NC,0
735,286983.57,301530.84,238210,3,5,0,14,13.4,115223.61,3.7255,4.2145,5,5,4,LLC,6,40.2,0,0,96964.8,100695.49,TX,0
590,1126551.2,1191361.69,722511,4,5,1,12,5.4,268765.96,12.5485,11.5486,1,6,2,Partnership,6,11.3,2,1,158043.57,141748.43,CA,0
590,575434.35,618037.79,236220,5,5,1,18,15.8,108958.11,9.4296,10.7635,7,3,8,Corp,4,44.2,1,0,73166.05,62650.3,FL,0
718,1874959.75,2343159.49,445110,4,2,1,9,9.5,208758.9,11.8085,12.9506,5,2,1,Corp,3,14.9,0,0,104927.59,92454.53,NC,0
850,2012298.6,2180121.03,621111,3,2,0,20,10.7,170133.3,11.7968,13.5342,1,1,3,Sole Proprietor,6,44.4,2,1,159796.63,167427.82,FL,0
654,2375284.68,2820136.94,722511,1,3,1,23,11.5,131997.72,11.8285,13.4736,6,2,8,Sole Proprietor,1,32.2,0,0,61039.77,63617.12,IL,0
675,1334511.47,1174949.02,722511,2,5,0,6,5.8,104591.25,12.9991,13.3968,5,5,7,LLC,7,12.1,1,0,79787.27,83514.95,OH,0
506,964227.77,1071306.44,445110,4,1,1,8,11.8,63998.89,22.2989,22.9029,8,3,7,Partnership,5,25.3,0,3,54239.94,49173.71,WA,1
575,2189271.78,2202009.8,722511,1,5,0,13,6.9,129032.19,16.006,16.6491,7,5,5,LLC,8,26.3,0,1,106446.53,91742.67,OH,1
747,908845.18,1048157.93,445110,4,1,0,17,12.8,299884.43,8.3289,8.9781,8,4,4,Sole Proprietor,6,19,2,2,161378.53,163832.39,GA,0
693,524183.36,517097.63,541511,4,5,0,7,9.9,84016.42,9.9935,9.4942,8,6,3,Corp,5,29.2,1,2,75311.27,74731.42,NC,1
642,1419873.46,1555966.73,445110,4,4,1,7,9.1,183045.91,12.4042,12.0717,2,2,4,Corp,5,9.7,0,2,152557.56,148849.68,IL,1
625,752638.35,713808.57,722511,1,4,1,26,21.3,100381.32,9.8997,10.181,5,5,6,Partnership,4,3.6,2,0,87581.67,76210.39,NY,0
554,336224.32,296192.64,531210,5,1,1,15,8.5,101874.33,11.3224,11.7907,5,6,8,Sole Proprietor,5,33.1,2,1,95350.13,83827.32,NY,1
591,316509,355197.54,621111,1,5,0,0,6.8,135451.83,9.6035,10.8725,4,5,1,Corp,8,9.3,2,1,114742.4,114985.46,OH,1
507,615040.45,716324.25,541511,6,2,0,0,2.8,82573.12,8.4281,8.9265,8,2,9,LLC,9,21.1,1,0,53382.98,46327.84,CA,1
727,1430345.64,1352646.73,236220,2,2,1,22,17.4,377500.84,9.1077,8.7264,6,6,1,LLC,7,20.9,0,2,332238.39,329754.56,OH,0
581,1751726.21,1818122.42,238210,1,3,1,1,19.2,101790.95,7.1887,7.0537,7,4,1,Sole Proprietor,3,15.6,1,2,82890.82,82415.17,TX,0
561,625563.27,672736.56,236220,3,3,1,12,0.5,184427.25,6.9068,6.8175,1,5,8,Sole Proprietor,6,15.7,0,1,159492.26,136348.36,CA,1
616,659059.95,723349.14,531210,3,4,0,11,4.1,147448.01,11.2512,12.2176,6,1,6,Sole Proprietor,4,27.7,1,1,82024.45,85516.35,AZ,1
657,1842293.42,2299679.04,621111,5,2,0,23,12.1,121671.27,8.8618,9.5966,4,5,8,Corp,3,40.2,0,1,86291.8,87938.36,WA,0
644,1708753.24,1896693.15,722511,4,3,1,9,14.8,236724.6,5.8662,6.0653,4,3,1,Sole Proprietor,2,27.8,0,2,167742.54,164114.85,GA,0
652,751535.88,909472.16,621111,2,3,1,11,16.5,244298.93,9.7307,9.2349,1,4,1,LLC,8,25.2,0,2,198346.94,172238.59,OH,1
607,1041403.47,1137597.98,238210,5,5,0,7,7.4,103534.83,13.3022,14.7968,2,2,1,Partnership,7,38,1,1,80564.03,69062.1,NC,1
693,694458.85,828551.83,621111,3,2,0,19,17.6,84599.99,12.1946,13.0922,1,2,8,Sole Proprietor,6,38.7,0,1,57166.44,58062.63,IL,0
612,1063761.51,1206884.47,484110,1,1,0,0,1.5,77711.99,8.4916,9.3182,8,5,8,Corp,6,36.1,3,1,42097.58,42561.55,NC,1
614,1220721.96,1081560.34,484110,1,2,1,10,11,47199.18,11.9262,13.6847,1,1,1,LLC,5,11.9,1,2,42996.03,39402.97,TX,1
617,1347639.88,1403166.87,484110,4,5,0,16,20.9,244793.99,13.8944,14.7383,1,1,6,Corp,3,19.3,1,0,222004.37,198250.71,IL,0
673,1156938.89,1126226.15,445110,1,2,1,13,10.8,96009.06,7.8078,8.2207,1,1,6,Sole Proprietor,3,28.1,1,1,46070.63,41973.17,OH,0
625,376923.5,427411.84,541511,2,3,1,13,13,107508.77,9.0857,8.6207,6,4,3,Corp,7,29.8,2,0,67806.95,57666.54,OH,1
715,2149508.65,2104617.6,541511,4,3,1,26,17.6,80421.19,12.1895,13.8013,4,5,7,Corp,4,19.1,1,1,46945.78,43741.47,GA,0
534,492630.15,501694.67,445110,2,3,0,7,4.2,141588.16,15.6012,17.8998,4,2,6,Sole Proprietor,4,34.3,1,2,134244.04,120305.27,AZ,1
586,1399625.34,1351877.5,621111,2,5,1,10,8.4,93364.2,4.9164,4.6389,8,6,1,Corp,8,30.1,0,2,67011.95,61149.91,OH,1
584,743165.5,923072.43,621111,4,3,1,5,6.2,142262.76,16.3123,17.1944,1,1,1,LLC,8,37.6,1,3,116272.85,103321.02,NC,1
675,1290209.48,1591550.27,484110,1,1,0,12,18.2,176555.56,8.3764,7.7001,3,4,6,Sole Proprietor,3,44.7,1,2,100133.56,90847.48,CA,0
654,2323316.78,2407186.04,238210,6,4,0,10,17.7,277171,6.3336,7.2425,6,5,8,Sole Proprietor,5,27.3,2,0,183435.69,164975.2,NY,1
645,3147678.58,3204041.37,531210,1,2,0,13,8.4,216313.26,11.1836,10.716,1,2,8,Corp,5,40,0,3,198690.52,190044.12,TX,1
622,496483.37,580974.87,531210,6,4,0,6,11.9,178750.8,9.5398,9.355,6,3,9,Corp,8,25.8,3,2,148665.88,128279.46,NY,1
678,1298901.2,1604769.94,531210,6,4,1,22,13.7,415891.67,8.88,8.1244,4,5,9,LLC,3,20.5,0,0,394000.83,401333.88,GA,0
629,1311682.6,1254713.98,236220,5,1,0,30,18.1,340928.29,12.0744,11.3383,4,3,1,Corp,1,37.7,0,1,180199.62,175688.4,WA,0
583,1155447.2,1007007.08,531210,1,3,1,0,2.9,29802.77,9.4443,8.9726,7,5,6,LLC,4,32.9,0,2,19680.74,18886.65,AZ,1
536,185351.13,216719.77,236220,1,1,1,12,6.1,149560.85,5.9835,6.4975,2,3,1,LLC,6,19,2,2,109922.28,95733.84,OH,1
552,1385538.03,1540149.19,531210,3,3,1,5,8.9,290422.51,13.5899,12.5369,5,1,6,Corp,7,11.3,2,3,164722.8,158158.89,NC,1
583,1157597.82,1033880.17,445110,3,4,0,18,8.2,181980.03,11.8763,11.8537,3,1,5,LLC,8,29.5,1,2,128173.94,122200.47,CA,1
620,398987.89,384326.69,236220,5,5,0,0,1.3,176415.79,10.1017,10.384,6,2,4,Corp,5,25.3,2,3,163730.39,148307.31,NC,1
591,647702.77,663270.37,445110,3,5,0,10,10,136671.07,7.4479,7.7046,2,2,4,Corp,4,21.5,0,2,93921.46,84627.16,IL,1
576,671771.29,675402.9,722511,3,5,1,9,9.5,130808.16,15.641,16.263,4,4,4,LLC,2,28.5,1,1,116857.69,110524.4,GA,1
629,664529.86,597450.31,238210,4,3,0,16,16.1,189572.76,11.239,10.7484,3,4,8,LLC,5,47.4,0,3,167009.48,147812.92,WA,1
659,699208.6,680512.19,238210,5,5,0,18,10.3,104039.93,12.7533,12.7065,2,2,4,LLC,2,41.7,0,0,78206.69,67931.58,IL,0
671,2622635.53,2380946.78,236220,3,3,1,15,4.7,223863.08,8.0779,8.0252,3,5,5,LLC,4,45.2,0,1,151228.59,151081.57,IL,0
775,1047025.84,915411.1,484110,6,1,1,28,25.9,152070.76,7.0191,7.4422,8,5,2,LLC,2,21,1,2,86426.23,87176.62,FL,0
625,1113262.6,1160435.7,238210,3,3,1,14,15,314404.93,10.0293,9.8042,2,3,9,Partnership,3,25.1,0,1,195963.98,171003.87,FL,0
569,1534503.93,1559435.83,445110,3,1,1,25,6.3,185136.98,13.6355,14.9786,3,3,4,Partnership,3,40.3,0,1,103283.13,88757.37,GA,0
547,326861.84,293044.22,722511,6,2,1,10,8.3,300358.51,12.1461,11.8517,8,2,8,Sole Proprietor,5,11.3,0,2,248642.14,259889.47,GA,1
664,1098241.68,1155278.81,238210,1,2,0,13,16.8,360431.12,13.1855,12.5521,6,6,6,LLC,1,15.5,0,2,301641.51,288828.57,NC,0
740,955927.55,1137738.98,621111,4,1,0,27,9.9,125433.07,7.9568,7.7291,6,6,4,Corp,2,6.9,0,1,105540.92,100148.73,OH,0
619,427623.84,497931.41,445110,5,4,0,6,11.1,123717.62,12.7281,14.5278,8,4,3,Corp,9,36.1,0,2,90389.17,77321.43,WA,1
585,346400.82,421401.79,531210,2,1,0,5,2.3,107162.62,15.1175,15.1423,3,5,9,Partnership,6,24.5,1,1,69059.02,60483.38,NC,1
560,1240608.96,1459629.58,484110,5,4,0,0,0.5,209993.31,7.1951,7.1808,7,3,8,Sole Proprietor,4,29.6,2,4,94757.16,96765.3,IL,1
711,1046469.63,949633.88,445110,5,4,1,7,9.1,160438.62,8.0002,8.1154,2,6,7,Corp,3,34.8,0,3,84290.46,78299.88,IL,0
607,419094.9,399931.55,531210,2,4,0,10,16.1,122354.16,11.3447,12.1657,2,4,5,Partnership,3,52.8,2,3,79513.16,74790.05,FL,1
671,451387.69,440068.52,445110,4,3,1,4,6.9,229796.56,16.2392,15.7181,5,4,9,Corp,8,33.2,1,2,210053.69,216436.47,FL,1
589,511963.33,625668.74,531210,5,3,1,0,12.5,100171.34,11.2701,12.8706,3,3,4,LLC,9,25.5,5,1,61456.11,52821.3,NY,1
671,2358596.89,2147003.51,238210,1,1,1,19,9.1,117767.63,4.7414,5.1392,4,2,5,Sole Proprietor,7,46.7,2,1,81701.45,84385.2,WA,0
678,663674.94,682951.95,484110,6,2,1,19,17.5,77162.32,11.7717,13.3721,4,2,6,Corp,2,20.8,2,1,55366.84,56104.79,AZ,0
576,724594.1,884273.9,722511,3,3,0,28,12.2,159090.6,9.803,9.4914,2,3,2,LLC,4,23.4,2,3,128932.33,116188.09,OH,0
617,542544.83,521648.21,531210,4,1,0,4,7.8,451765.67,11.9538,11.5696,8,6,7,Sole Proprietor,5,24.8,1,0,417786.74,393809.69,GA,1
669,2892967.06,3386694.36,445110,6,3,0,15,3.2,253120.65,11.1683,11.7098,7,6,9,Partnership,5,21,2,0,232864.03,210921.98,GA,0
681,1139391.07,1220328.64,238210,4,2,1,15,14.1,285148.45,12.3169,12.0041,4,5,4,LLC,2,11.4,2,0,160175.13,141428.8,AZ,0
710,762556.65,925599.92,621111,2,3,0,10,14.7,186865.28,10.11,10.8069,2,6,6,Corp,2,28,0,0,144694.84,138560.45,OH,0
525,565850.2,685295.86,621111,1,4,1,14,7.5,153194.34,12.257,12.1558,1,1,3,Partnership,5,13.2,2,1,74732.75,68892.81,NC,1
633,689825.51,622155.61,445110,6,5,1,4,0.9,114069.3,9.8883,11.1486,2,6,2,Partnership,4,56.3,1,2,91256.02,77701.73,OH,1
683,1018604.13,1047836.86,445110,2,4,0,13,7,344443.02,14.7565,14.6584,2,3,5,LLC,4,41.2,3,1,214707.82,198368.94,WA,1
792,843390.33,728308.44,722511,6,4,1,9,2.3,223458.51,5.1077,5.4457,1,6,4,Sole Proprietor,7,44.3,0,1,171036.73,158718.89,CA,0
569,1192010.99,1259608.34,541511,4,4,0,28,10.9,97823.02,16.0915,16.5619,2,1,6,Corp,3,19.8,2,1,76179.16,75315.8,NY,1
590,394569.09,401771.86,531210,3,2,0,19,3.6,93676.25,13.673,13.8913,8,1,7,Partnership,5,30.5,1,3,77102.19,80034.13,OH,1
638,860288.33,917758.27,541511,6,3,0,6,6,168146.97,17.8044,16.9112,7,6,7,Corp,8,25.1,2,4,125992.55,130241.63,NC,1
822,1724686.51,1673193.78,531210,4,1,0,18,13.1,314174.33,5.6981,5.8628,6,6,8,Partnership,4,4.7,2,0,246422.68,254512.56,CA,0
556,1075206.84,1292799.46,238210,3,5,1,19,2.3,191636.06,6.8655,7.1,2,4,4,Sole Proprietor,7,21.2,2,4,156860.38,141897.87,WA,1
597,1205115.26,1411856.52,445110,2,2,1,1,7.1,198262.09,16.2776,15.0031,7,2,1,Corp,6,33.4,2,1,127923.31,121123.25,OH,1
569,270372.58,301854.19,531210,4,5,1,19,5.4,97609.11,8.6373,8.3184,6,1,7,Sole Proprietor,7,45.6,0,2,56790.01,51303.69,GA,1
638,994384.89,1072600.87,531210,5,2,1,22,10.9,250901.88,11.7395,12.8742,4,1,1,Partnership,2,28.3,1,1,143869.45,135916.17,OH,0
582,206753.3,222728.49,531210,4,4,0,18,11.1,130997.99,8.062,7.4748,7,5,3,LLC,1,34.7,1,1,59984.34,56711.6,WA,1
541,867190.74,1077335.74,621111,1,5,1,3,22,133460.01,17.5579,19.2731,2,2,3,Corp,6,21,1,0,70330.99,65728.54,NC,1
557,1557604.31,1728381.04,722511,3,4,1,9,8.4,137444.64,13.4863,12.384,1,6,2,Sole Proprietor,7,1,1,1,64325.8,61072.08,TX,1
588,584397.02,501954.78,445110,5,4,0,17,11.6,156768.91,14.412,15.3471,8,1,6,LLC,7,17.3,0,3,96604.61,96804.92,OH,1
543,730795.5,622603.69,484110,6,4,1,5,3.9,99439.23,7.5235,7.8348,6,2,4,Partnership,7,16.1,1,0,64158.18,63347.44,OH,1
500,820176.62,751950.46,236220,1,2,1,5,6.3,74142.4,8.6456,9.8636,8,3,6,LLC,4,21.8,2,3,57092.34,50552.61,FL,1
667,569284.33,578501.98,531210,5,1,1,15,9.1,157467.62,8.8637,9.4993,5,6,1,Corp,4,12.4,2,0,110958.23,112108.12,CA,0
631,2171421.41,2467169.13,445110,6,1,0,19,12.3,269373.39,7.3156,7.0238,4,2,1,Corp,3,39.4,2,2,156300.01,136830.72,IL,0
662,838345.2,747808.6,541511,1,5,1,14,10.9,176413.07,16.5343,18.6684,8,5,9,LLC,5,22.8,2,2,156766.37,150390.68,CA,0
556,1114882.7,1386777.58,445110,3,4,0,14,3.9,133582.57,12.2917,11.8078,1,4,9,Partnership,8,37.1,0,2,88451.99,84623.97,OH,1
698,1068454.02,1143819.26,722511,3,2,0,11,17,595488.59,5.9426,5.7739,6,3,9,Corp,5,10,0,2,427108.24,435058.91,OH,0
661,791736.41,907228.44,445110,3,3,0,22,12.5,201007.46,13.9148,13.9711,6,5,4,LLC,4,17.1,1,0,177321.3,169494.32,IL,0
586,595522.88,668756.44,238210,1,5,1,4,7.8,59105.14,9.5836,9.2433,2,1,7,Corp,4,21.7,0,1,27974.1,27718.16,AZ,1
686,1185159.21,1336282.45,722511,4,2,0,10,3.3,226806.89,9.8572,10.4984,7,6,8,Sole Proprietor,2,6.5,0,3,131061.82,113907.3,GA,0
620,865898.57,1011736.82,484110,6,3,0,18,14.8,324124.86,13.623,13.1667,7,4,3,LLC,6,34.1,1,0,178359.83,158218.56,NY,1
533,231090.56,256480.94,445110,3,3,0,13,0.5,121283.23,16.7237,18.4036,1,2,2,Partnership,6,42.1,1,2,103709.15,88473.14,NY,1
627,573850.1,687267.43,445110,1,3,1,1,11.3,216459.5,8.2309,8.1011,3,3,5,Sole Proprietor,9,29.2,3,4,109419.34,113850.64,CA,1
702,727282.73,719727.22,445110,1,5,0,21,9.8,198881.25,5.4465,5.0985,1,3,1,Partnership,2,25.3,2,0,169028.43,147803.53,TX,0
675,364125.33,433335.97,722511,1,1,1,8,10.1,272831.61,10.5248,10.7083,6,5,8,Corp,7,19.2,0,0,181417.07,189937.25,OH,1
763,1230987.55,1448924.86,238210,1,5,0,25,11.5,66768.83,13.0463,13.8113,6,5,5,Partnership,3,26.9,1,3,46642.95,42169.2,CA,0
751,2120322.84,1804522.52,236220,5,3,0,26,11.5,108722.96,11.5881,12.6153,8,3,3,Corp,2,21.5,2,1,75900.79,64887.64,IL,0
680,1431869.88,1564411.09,722511,3,2,1,9,12.3,79610.64,8.4684,9.1612,8,5,4,LLC,2,7.8,1,0,64664.36,59085.22,CA,0
699,501379.55,437286.36,236220,5,1,1,32,6.5,150577.4,11.348,11.6522,6,4,8,LLC,5,34.1,0,0,105265.66,100970.66,NY,0
727,2436700.44,2742705.51,541511,5,2,1,24,7.3,98112.17,11.1759,12.0895,6,5,8,Corp,1,21.7,2,0,46533,44726.97,IL,0
552,1060507.5,902466.13,621111,4,3,0,0,15,194224.55,17.714,17.6043,2,2,7,Corp,5,32.4,1,2,133504.3,123415.39,AZ,1
587,808967.42,848435.26,722511,1,5,1,15,3.4,76904.27,12.408,12.1425,8,4,1,LLC,4,26.6,0,3,60952.95,56449.11,OH,1
641,2641576.98,2993369.64,238210,4,4,1,28,4.3,183826.16,7.2814,7.7869,5,5,2,Corp,2,10.4,1,1,163511.82,167456.74,TX,0
615,319048.26,278902.72,236220,3,3,1,9,5,89950.17,11.0825,12.742,1,1,9,Partnership,5,25.2,0,2,61046.02,63554.08,AZ,1
555,478565.65,548113.78,484110,6,2,0,6,10.4,103535.86,13.7137,13.414,8,5,6,Partnership,6,29.2,1,0,83561.17,73130.9,FL,1
621,1253440.87,1120341.12,722511,6,2,1,19,22.5,275376.29,4.4448,4.4384,2,3,9,Sole Proprietor,3,23.9,0,1,156580.26,162400.36,AZ,0
749,388988.79,385984.39,722511,5,5,0,8,5.5,216516.67,14.2888,14.0953,7,3,1,Corp,2,11.6,0,1,102153.31,90041.71,WA,0
637,705979.03,651881.58,722511,6,1,1,9,15.1,51309.07,14.6117,16.3415,1,3,1,Partnership,5,25.5,2,1,48087.46,45609.47,NY,1
642,1056756.53,1215296.61,531210,6,2,1,10,17.5,84126.6,8.2001,8.6022,6,5,4,Corp,4,8.9,1,0,75087.27,74185.74,IL,0
584,835169.2,790815.51,621111,5,1,1,26,17.1,120130.18,3.5,3.5182,5,6,1,Partnership,2,28.7,0,1,67953.34,62538.93,AZ,0
609,961515.3,905008.74,722511,2,5,0,0,6.2,69632.04,13.8301,15.737,7,2,2,Sole Proprietor,4,11.7,2,1,55570.42,48032.59,OH,1
533,1842549.81,2233607.16,445110,6,2,0,15,13,149803.39,13.355,12.9679,4,6,6,Sole Proprietor,5,10.6,0,0,92649.48,81548.59,OH,1
502,1697331.58,1838169.47,445110,3,5,1,8,11,211618.18,12.9744,13.4539,6,1,2,LLC,7,1,0,1,153898.95,151365.02,WA,1
567,664367.88,581972.12,445110,1,5,0,7,9.2,76485.13,15.5763,14.1033,5,1,8,LLC,3,24.4,1,0,46516.78,41185.97,TX,1
707,1186585.37,1435502.72,541511,4,3,1,4,17,142426.64,7.5762,6.986,2,4,1,Corp,1,31.4,0,1,66862.82,65135.36,NC,0
575,282801.29,296032.09,541511,5,4,1,12,18.9,142484.59,11.4986,10.7431,2,5,7,LLC,7,35.4,0,0,116959.01,111861.49,GA,1
647,508770.44,635421.66,621111,1,4,1,25,14.9,151732.2,6.4933,7.1233,5,5,8,Partnership,3,18.6,3,0,88215.63,91156.64,IL,0
620,1028954.78,1135888.84,621111,5,2,1,4,8.3,167547.38,7.7633,8.8277,7,5,5,LLC,5,46.4,1,0,77856.99,71958.82,OH,0
725,1535149.83,1352460.97,236220,6,2,1,1,11.7,331709.12,13.1577,12.6791,7,1,8,LLC,4,23.3,0,1,174803.89,149008.52,IL,1
631,265396.69,260062.92,722511,4,2,0,20,10.2,128782.91,7.6556,7.8807,3,5,1,Corp,5,13.2,2,0,65186.38,58243.09,GA,1
788,526215.52,468856.95,236220,6,3,1,12,9.4,270519.68,11.0544,12.04,2,1,3,Sole Proprietor,2,40.2,2,1,178942.83,167215.75,AZ,0
591,745665.92,735402.81,236220,3,5,1,24,4.2,205116.42,8.9701,8.3085,5,1,4,Sole Proprietor,7,15.6,2,2,144072.9,148670.33,OH,1
600,937851.84,910002.2,484110,4,1,0,9,4.6,138609,15.3768,16.3331,3,3,2,Corp,7,31.1,2,3,128912.06,111191.59,IL,1
586,928909.73,943474.13,531210,2,4,1,21,3.3,212507.78,10.1584,10.8802,6,5,3,Sole Proprietor,8,40.1,0,2,107240.31,101123.91,CA,1
584,549369.05,655144.29,238210,2,1,0,8,11.2,71318.45,16.5344,17.4718,6,3,8,Partnership,9,36.2,0,3,51049.04,49578.6,WA,1
616,634518.42,622364.15,541511,1,2,0,16,4.7,230655.55,10.3159,9.7383,8,3,2,Corp,6,32.6,1,2,172009.95,149687.99,TX,1
658,4702281.55,5819832.76,445110,2,4,1,12,16.3,81002.26,11.2774,10.4271,8,4,5,Sole Proprietor,1,1,0,1,48933.23,50636.4,AZ,0
736,1083432.98,1256346.14,621111,3,4,0,9,8.1,83380.91,3.5,3.4837,3,3,2,Sole Proprietor,3,48.4,2,0,42471.92,44187.4,WA,0
512,753494.55,699105.7,445110,5,3,1,10,17.1,56822.69,17.356,19.5801,7,5,9,Partnership,7,35.1,1,0,40904.21,42240.45,FL,1
700,625812.77,674730.53,236220,6,5,0,1,7.8,89425.56,15.7119,17.4291,4,3,4,Partnership,5,19.8,0,1,82673.89,70334.16,OH,0
597,781307.34,795898.59,722511,4,4,1,17,15.5,222786.49,15.9048,17.5621,1,4,3,LLC,5,40.7,0,2,192781.03,169998.85,AZ,1
692,1208191.85,1147210.48,238210,1,2,1,10,15.6,111883.53,14.6043,14.6495,7,3,9,LLC,4,15.1,0,0,65767.8,68044.84,IL,0
523,1564729.13,1729299.05,484110,6,4,0,7,6,471130.26,11.9959,11.839,6,3,6,Sole Proprietor,7,45.6,1,4,405693.46,397432.22,GA,1
510,351395.69,326731.23,541511,2,2,0,24,13.3,154327.22,10.0372,11.2711,8,2,5,Partnership,4,5.9,3,3,121247.42,123531.3,TX,1
687,480149.25,482961.92,531210,3,3,0,9,22,253562.57,9.3866,10.2905,4,6,1,Corp,3,21,2,2,201115.65,174357.75,GA,0
688,918704.68,1119761,722511,4,2,1,12,15.6,89832.01,6.6311,7.26,6,2,6,Sole Proprietor,4,26,1,0,69355.49,64368.17,IL,0
770,597799.7,611974.91,722511,2,5,0,13,12.6,88442.5,11.3704,12.1894,6,3,7,Sole Proprietor,2,20.4,1,0,42831.56,39673.57,IL,0
678,1159018.27,1054303.88,541511,1,1,1,5,12.5,205757.47,9.7332,9.115,6,2,7,Sole Proprietor,1,13.3,1,0,131624.87,128398.42,NC,0
740,591466.27,680883.63,238210,3,2,0,13,9,120035.66,6.5055,7.2828,8,3,4,LLC,5,18.1,2,1,56001.85,56535.46,WA,0
607,1027028.85,1130034.83,238210,6,1,1,13,12.7,175394.69,7.4017,8.0414,8,2,8,Corp,2,18.7,0,0,141753.63,125046.66,NC,0
633,983970.45,896835.1,484110,4,4,0,0,0.5,127628.07,16.2985,16.1556,1,4,9,LLC,7,44.4,1,2,58369.6,59270.52,OH,1
707,1183643.97,1069878.91,238210,2,2,1,12,15.3,156539.5,5.3204,5.3683,6,6,3,Partnership,1,17.1,2,0,85970.04,73460.99,GA,0
672,1051228.09,1199873.55,541511,1,1,1,15,13.8,165503.39,7.8059,8.2084,8,4,8,Sole Proprietor,2,15.4,0,0,147218.46,140809.65,WA,0
686,780041.12,857736.24,541511,1,5,1,30,17.8,123520.04,6.745,6.4953,3,6,2,Partnership,3,15.4,2,0,105567.17,98364.99,IL,0
681,929276.32,963883.97,531210,4,3,0,11,3.6,128862.07,13.648,13.1564,5,5,2,Partnership,4,31.4,0,0,118147.24,121226.86,OH,0
533,459096.64,492162.17,484110,3,2,1,13,17.2,210897.62,16.8766,16.1095,8,6,2,Sole Proprietor,5,20.4,1,4,174698.88,180743.61,OH,1
636,630487.37,770852.13,445110,6,5,1,5,10.2,133091.85,14.0472,15.8054,1,4,2,Sole Proprietor,7,36.9,3,3,84629.75,77645.37,AZ,1
569,290647.24,333123.69,484110,2,3,0,4,10.1,117778.24,11.575,12.38,2,6,5,Partnership,8,34.2,3,2,105230,96536.28,AZ,1
615,533517.67,637896.85,445110,5,2,1,17,4.8,93852.81,4.1973,4.164,5,2,1,Sole Proprietor,5,35.4,0,4,70082.53,67858.99,TX,1
535,998694.39,995799.42,484110,1,1,0,3,13.3,127093.98,12.4952,12.3394,3,5,5,LLC,5,8.3,2,1,60359.7,59974.6,OH,1
584,2094881.78,1918391.11,621111,5,2,0,7,7.8,152053.67,19.4379,18.6035,7,5,6,Sole Proprietor,6,9,2,1,105250.36,90488.41,TX,1
598,751034.06,711313.06,531210,4,5,1,0,0.5,306456.19,14.2528,16.3153,6,6,7,Partnership,5,41.4,1,1,283809.19,259054.59,TX,1
593,1340950.35,1616219.13,238210,6,1,0,21,5.6,294964.47,14.7111,16.735,1,6,3,Corp,4,41.1,2,3,145612.81,147740.12,GA,1
647,1432845.23,1606858.45,445110,2,1,1,14,12.4,246101.45,9.4253,8.9934,4,3,6,Corp,4,7.1,0,1,188823.97,185349.7,NC,0
641,1846395.23,1662203.66,445110,3,3,0,24,8,109076.93,11.5129,11.5223,1,2,2,Sole Proprietor,5,23.8,1,0,79183.78,80154.2,TX,0
684,3686104.03,4369651.97,236220,3,4,1,8,2.7,158043.33,12.3826,11.5999,1,4,1,LLC,7,35.1,0,0,108918.36,111574.06,GA,0
623,689723.57,666339.79,541511,6,1,1,10,18.7,275987.75,8.7606,8.9562,8,5,5,Sole Proprietor,7,28,1,0,132969.75,132056.67,NY,0
707,1090297.03,984939.48,238210,1,3,0,12,11.3,164391.19,12.9157,13.3573,8,1,7,Sole Proprietor,4,40.3,3,1,100349.56,102895.22,WA,1
638,582252.96,648866.86,238210,1,4,0,10,6.2,108550.88,11.354,10.9089,5,2,1,Partnership,4,27.9,0,3,91251.43,92663.62,NC,1
671,1531235.56,1496141.55,238210,2,2,1,5,8.5,250862.73,4.9435,4.9146,7,1,1,Partnership,6,10.8,1,1,234781.98,231071.31,NC,0
679,1466401.62,1722398.56,445110,2,2,0,9,9.6,189516.3,9.8379,10.7622,8,4,1,Partnership,2,32.8,2,0,161961.16,156791.46,GA,0
630,972655.91,1129737.39,531210,4,3,0,24,12.3,162254.34,15.0599,15.1123,6,5,8,LLC,7,17.6,0,2,119041.04,110743.46,NC,1
621,1482240.36,1521827.82,531210,4,1,1,7,17.2,185783.21,6.1186,6.6953,6,4,1,LLC,4,19.4,0,0,131876.98,123817.5,NC,0
543,579379.99,713626.57,445110,2,1,0,9,10.8,194264.66,13.4707,15.2299,7,4,6,Partnership,5,52.7,2,1,128635.89,109601.1,NY,1
568,561802.02,565952.12,445110,2,4,0,13,8,144360.67,13.9642,12.6513,7,5,8,LLC,6,32.6,0,1,104056.47,89556.75,NC,1
504,803428.94,813910.59,541511,5,1,1,9,8.7,93826.56,16.7216,17.1879,1,1,6,LLC,6,22.6,0,1,82995.71,71469.07,NC,1
727,552621.7,678214.16,236220,1,3,1,15,6,247650.35,14.326,14.2771,7,2,8,Sole Proprietor,3,41.8,0,2,161199.45,168856.16,NC,0
688,709233.91,794394.2,541511,5,5,1,11,14.8,187364.89,7.7277,8.7067,5,1,9,LLC,3,20.6,1,1,121233.29,105397.98,CA,0
631,1137743.35,1371188.53,621111,2,3,0,29,5.1,161469.81,9.8254,9.8363,6,3,6,LLC,6,1,0,4,145785.3,147861.04,OH,1
640,825014.38,705502.24,236220,2,5,1,16,7.5,150105.33,14.4971,15.283,7,1,6,Sole Proprietor,1,29.4,0,2,121505.11,118632.16,AZ,0
776,992603.24,1061455.63,238210,1,5,1,15,10.5,215429.62,7.6857,7.9663,2,6,2,LLC,3,24.5,0,0,116133.56,120765.38,IL,0
620,1755719.9,2017825.05,541511,6,3,0,1,16.4,203508.27,7.2861,7.6561,3,1,1,Sole Proprietor,3,31.4,0,0,157344.05,140796.01,GA,0
641,2313403.08,2613528.7,238210,4,5,1,14,12.8,112729.12,8.6076,9.4447,6,4,5,Partnership,2,14.7,1,1,75532.07,73824.58,CA,0
729,635185.77,686190.72,722511,2,2,0,20,20.8,240483.5,11.2903,11.1852,5,1,9,Sole Proprietor,5,14.3,2,1,221898.43,231890.59,NY,0
628,1679905.71,2043280.5,236220,5,3,0,9,12.8,94072.1,3.9645,3.6545,1,4,9,LLC,3,41.2,2,0,74179.57,75177.67,WA,0
694,1628383.34,1399723.88,238210,4,3,1,1,14.6,274570.75,9.7223,10.497,1,2,4,Corp,1,39.6,1,1,173335.28,176498.81,NC,0
594,1716024.21,1483771.99,531210,6,2,1,15,9.8,330093.4,10.2004,10.8188,7,2,6,LLC,4,34,1,0,309550.55,284086.01,NY,0
515,789654.58,868010.9,236220,3,1,1,0,12.9,147943.63,14.8659,16.8403,4,2,2,Corp,4,39.6,3,2,139562.49,121096.67,OH,1
634,841201.06,1021445.42,484110,3,5,0,12,0.5,40415.63,13.3015,15.1145,1,1,2,Partnership,5,35.4,0,3,32651.41,30914.9,IL,1
686,964671.31,963340.26,541511,2,5,1,12,9.3,151907.48,5.7783,6.4483,8,6,2,Corp,6,46.7,0,1,105517.36,107514.51,CA,0
539,649028.42,628908.94,541511,1,5,1,8,2.3,222671.18,8.4977,9.7151,2,1,6,LLC,7,25.5,1,2,121516.37,122672.59,NC,1
588,438876.66,410340.67,484110,5,2,1,12,7.8,322434.26,8.321,8.199,7,1,5,LLC,9,26.6,0,0,268855.66,256938.83,NY,1
804,1443376.9,1799460.42,484110,6,1,1,15,10.8,67892.04,9.5904,10.681,8,3,9,Partnership,5,9,2,0,52555.83,49520.07,CA,0
545,997150.19,1074921.09,238210,1,1,0,9,0.5,66435.94,16.7451,15.7712,8,3,6,LLC,8,24.1,2,2,44244.53,44414.81,FL,1
547,906773.56,818546.25,541511,1,1,1,8,10.1,125623.76,17.272,17.6262,8,6,9,LLC,3,25.2,1,1,87346.7,83499,TX,1
679,3814840.3,4012263.29,238210,1,4,0,13,7,136476.14,13.7615,14.3841,6,6,5,Corp,4,27.3,0,0,113427.84,106771.65,OH,0
577,1285651.81,1100796.48,238210,6,2,0,24,7.3,301209,7.0981,7.2328,5,4,6,Corp,3,14.2,2,1,216121.04,217854.11,IL,0
577,549353.11,525137.41,621111,1,3,0,18,20.5,209628.09,7.8295,8.0137,4,6,9,Corp,6,15.8,0,1,143180.16,143714.05,CA,0
635,2083971.98,1842290.59,236220,5,2,0,5,4.4,239119.68,11.9133,11.5346,2,5,8,Partnership,1,49.4,0,1,226601.78,234630.2,NY,0
727,557548.36,500493.62,238210,1,4,0,2,8.3,260409.6,9.4912,10.1945,1,6,9,Sole Proprietor,4,50.4,0,3,149029.57,137097.59,GA,1
660,982024.21,922049.04,531210,6,4,0,10,4.5,161702.55,11.8643,12.4583,8,5,9,Partnership,4,13.3,1,3,109356.41,110647.67,GA,1
500,622499.47,678827.74,531210,1,4,1,8,0.5,119468.43,9.9837,10.0275,2,4,2,Corp,6,51.9,1,3,95700.46,100305.53,OH,1
697,1309145.06,1342054.01,236220,2,2,0,21,17.7,311744.93,8.0604,9.1628,1,1,4,Sole Proprietor,6,9.6,1,1,157812.48,157219.19,IL,0
577,437048.55,426146,236220,2,2,1,8,9.2,139927.04,9.9816,11.4123,4,2,6,Partnership,5,8.6,0,2,92559.45,87870.24,IL,1
626,954348,856440.29,722511,5,3,0,16,7.4,91996.64,10.41,11.4808,8,4,9,Partnership,3,4.1,2,1,83117.76,77978.96,IL,0
604,1020624.91,929917.4,722511,1,2,1,4,2.1,177778.17,12.1225,11.8937,4,4,9,Corp,4,17.2,0,0,150015.94,154213.23,NC,0
687,1027215.25,1019176.21,484110,2,5,0,14,14,190618.88,6.6669,7.1378,5,4,4,Corp,1,21.3,0,1,163073.16,168709.74,AZ,0
533,835062.71,773818.01,531210,2,4,0,12,12.2,186775.28,11.8782,12.7944,3,3,5,LLC,6,29.6,1,3,105098.87,93633.75,NY,1
526,954269.29,844191.79,238210,2,4,1,1,9.4,198910.04,16.0931,15.7755,3,4,8,LLC,7,23.4,2,2,94380.5,84433.66,GA,1
660,1105804.26,1187721.75,722511,5,2,1,22,12.9,178178.92,10.6697,11.2066,4,1,8,Corp,4,1.1,3,0,97143.89,90472.73,NY,0
745,1257425.58,1545098.13,238210,5,2,1,28,18.1,108177.58,14.4809,16.2167,7,6,2,Corp,2,23.7,0,2,73585.13,75917.44,GA,0
558,555565.57,545434.77,621111,5,1,1,13,9.2,57977.68,14.3628,14.2182,1,5,3,Corp,6,22.4,0,1,54224.11,56375.8,NY,1
611,565406.57,530799.04,238210,6,3,0,18,10.4,181532.95,9.6234,8.8485,5,2,7,Partnership,1,11.5,1,2,126704.6,108584.54,IL,0
713,1216427.13,1379762.16,531210,4,3,1,10,22.8,336621.69,11.1355,11.9224,6,1,1,Corp,3,7.8,1,0,312600.97,286848.89,TX,0
560,1502024.76,1314009.17,722511,3,4,1,2,1.2,147125.33,10.8059,10.1368,2,5,6,Corp,9,24.9,3,2,113213.94,96284.13,FL,1
669,1460919.54,1736141.06,621111,4,5,1,13,10.8,71971.13,17.4646,18.8314,1,1,2,LLC,5,43,3,3,53929.71,51709.47,IL,1
717,1175283.23,1111579.25,621111,2,2,0,19,4.9,219858.66,10.7757,10.5673,6,4,1,Partnership,3,14.2,2,2,166528.7,146101.58,IL,0
661,619340.77,687869.39,621111,3,5,1,21,11.2,160382.16,7.6137,7.9485,7,1,8,LLC,4,15,0,2,143128.85,123118.21,TX,1
659,1103091.72,1095847.8,531210,3,5,0,16,13.1,53346.15,9.715,10.2882,4,5,5,Corp,5,12.1,0,1,35184.94,35780.52,NC,0
659,429298.3,455183.81,238210,3,5,0,8,4.7,196986.45,7.3599,8.2695,7,3,7,LLC,4,13.7,0,2,122380.89,120554.62,FL,1
666,291152.29,295260.92,621111,5,2,0,8,5.3,147946.48,7.6407,7.5346,1,5,4,Partnership,4,11.9,0,3,106177.29,94910.95,IL,1
642,906265.35,1104955.55,236220,3,2,1,4,12.2,203810.49,6.1709,6.1567,6,3,3,Corp,1,6.5,1,1,107624.53,93585.79,CA,0
740,1490341.42,1589099.59,621111,2,5,0,15,9.3,275167.29,9.944,9.1038,7,5,2,Corp,1,9.8,2,1,228566.06,227075.17,WA,0
564,673374.44,837581.01,236220,6,5,0,11,16,235794.37,10.7968,11.854,7,2,9,Sole Proprietor,6,37.8,0,2,139431.11,143974.24,GA,1
739,643081.38,685449.83,236220,1,3,1,1,10.4,232428.62,8.8941,9.1158,6,4,5,Sole Proprietor,2,1,2,1,211170.36,214597.71,IL,0
586,911216.07,956712.45,445110,3,1,0,1,2.3,182358.82,15.5614,15.5122,5,6,6,Sole Proprietor,7,20.7,0,2,131625.02,113305.13,FL,1
576,346458.25,345544.42,445110,2,5,0,23,5.1,104671.21,10.6746,9.6428,5,5,5,Partnership,5,20.9,1,1,95985.65,94109.94,NC,1
608,1178813.88,1244017.6,531210,1,5,1,20,9.8,199223.06,9.4251,8.8399,2,1,2,LLC,2,18.3,0,2,127049.91,122718.89,FL,0
550,862550.39,1022375.56,621111,6,3,1,1,10.4,133727.7,10.6035,10.722,6,1,6,Corp,7,14.1,2,0,87864.52,79843.78,AZ,0
650,1398164.15,1332666.3,621111,2,3,1,15,0.5,90747.44,4.6098,4.446,4,3,1,Partnership,2,24.5,0,1,83319.41,78221.07,TX,0
671,385064.17,389749.64,484110,6,5,1,24,9.7,171870.28,12.5816,12.7146,2,5,1,Corp,8,16.6,0,1,112870.55,100649.02,TX,1
668,1175551.28,1108132.29,484110,2,5,0,1,8.9,229994.4,3.5,3.6346,8,6,7,Partnership,4,40.3,1,1,187766.51,188789.26,AZ,0
579,313177.35,352878.4,484110,1,3,0,14,10.4,309819.54,10.0318,10.9783,3,4,9,Corp,8,4.6,0,0,154663.4,150360.35,IL,1
708,589159.71,546701.96,541511,4,2,1,9,9.4,167308.83,23.1112,23.3385,4,2,2,LLC,6,17.1,1,1,133474.97,117164.47,AZ,1
653,796547.04,847919.64,445110,6,5,1,1,16.5,126041.88,12.2943,13.2623,7,1,7,Sole Proprietor,4,4.1,1,2,70304.61,61413.27,NY,0
674,267324.8,328206.14,484110,4,1,0,10,12.9,401367.98,11.3096,11.9931,3,3,9,Sole Proprietor,5,31.3,0,1,239328.99,245096.83,CA,1
661,4355080.23,4943740.99,531210,1,1,0,21,11.7,79188.35,7.402,8.0703,2,5,8,Partnership,4,12.7,0,1,40045.58,38002.49,WA,0
555,1151200.94,1195213,621111,5,2,1,26,13.9,137681.58,7.098,6.9674,5,4,5,Sole Proprietor,3,30.8,1,2,87880.73,78700.87,WA,0
698,758706.1,857759.25,722511,5,1,1,10,7.8,269095.1,10.5308,9.5164,5,4,6,Corp,4,3.6,1,0,218912.26,224111.43,GA,0
596,1257533.51,1251231.95,541511,5,4,1,27,15.1,156810.2,8.8731,8.1428,4,5,4,Corp,4,1,1,0,102875.42,90801.87,TX,0
703,623305.03,596473.62,722511,1,1,1,16,0.5,38704.31,12.3741,11.1906,4,6,2,Sole Proprietor,7,42.9,1,2,32963.48,34608.48,NY,1
796,524804.79,597342.25,445110,1,2,1,15,13.1,202271.05,5.7647,5.3702,2,3,7,Partnership,5,37.4,0,1,161071.39,159034.6,AZ,0
561,501254.66,503374.79,621111,4,4,1,12,13.2,97620.98,11.6788,11.752,1,2,6,LLC,9,56.8,0,1,82967.46,77991.42,IL,1
537,406865.26,471020.31,236220,6,2,0,15,0.9,276368.04,11.6564,10.7037,4,6,8,LLC,7,33.8,0,0,252148.92,225136.87,NC,1
660,765402.26,788948.16,621111,4,3,1,34,12.2,248577.67,5.5648,5.9503,4,5,5,Corp,6,18.8,1,0,214024.36,183819.76,CA,0
659,819646.38,918320.63,445110,3,4,0,7,10.2,143030.82,12.1604,11.0784,8,1,4,Corp,3,33.2,0,3,130217.64,110905.86,FL,1
608,890388.85,797229.79,531210,3,1,0,2,9.5,203210.23,18.25,18.4883,3,3,4,Corp,7,29,0,3,113389.19,109194.91,OH,1
568,480530.01,476936.24,236220,3,4,0,8,12.2,90714.62,8.7478,8.0102,8,4,2,LLC,8,36.9,2,1,44414.76,46255.48,WA,1
613,1200231.07,1383001.24,445110,2,2,1,19,16.5,165250.61,10.2035,9.3452,8,6,1,Corp,1,25.4,1,2,120085.58,104040.8,TX,0
732,941755.32,979857.23,238210,6,1,0,10,10.9,127335.21,7.1674,7.7975,7,6,5,Partnership,2,20.6,0,2,106306.08,90613.31,IL,0
732,1414465.97,1425028.26,484110,2,2,0,29,14.8,100323.86,6.6759,6.0436,3,4,8,Corp,4,16.9,1,2,74831.85,76988.68,CA,0
642,522059.81,599250.73,541511,6,5,0,14,14.1,149609.98,12.1248,12.1651,4,6,4,Sole Proprietor,6,32.8,4,2,85254.18,73372.49,GA,1
555,363355.19,369845.97,238210,2,1,0,21,9.6,87784.44,8.8445,8.8591,1,3,6,Corp,5,25,1,0,79448.85,70407.73,AZ,1
593,899501.99,974877.17,445110,2,2,1,3,10.7,246493.94,11.7472,11.2452,3,4,9,Partnership,4,31.3,0,3,141677.79,137271.82,FL,1
707,3936698.25,3574252.56,445110,2,1,0,14,12,128507.28,6.0631,6.1936,6,4,1,Sole Proprietor,6,21.8,1,2,98943.3,100205.93,AZ,0
679,1008211.94,1025171.26,722511,2,5,0,5,15.9,170441.05,9.6937,10.4572,2,5,1,Partnership,3,17.8,2,2,115613.27,118944.39,OH,0
554,505798.57,475330.8,445110,3,3,0,14,4.5,187862.43,13.6915,13.7199,3,1,1,Corp,6,54.1,1,2,135097.74,137276.43,CA,1
621,593524.44,635939.3,238210,6,5,0,10,15.9,175407.38,9.9249,10.8106,1,4,4,Corp,8,14.1,1,0,94000.43,96839.41,TX,1
621,487298.61,517130.65,238210,5,5,0,15,14.4,646640.19,11.2559,12.1687,2,3,1,LLC,5,36.9,0,1,557641.55,564298.48,OH,1
775,1228269.93,1078141.89,445110,6,5,1,8,10.5,163150.17,3.5,3.7204,8,2,7,Corp,6,17.8,0,0,82953.45,78467.02,OH,0
583,427601.87,506876.99,541511,5,3,0,0,1.4,96349.31,12.6862,14.5191,2,6,8,Sole Proprietor,7,23.8,2,1,77203.2,72230.46,AZ,1
717,5570468.42,6742361.03,238210,3,2,1,19,14.2,205973.96,7.29,7.3812,5,6,3,Sole Proprietor,9,23.9,0,0,149192.35,145826.79,CA,0
558,830742.47,710778.86,445110,1,1,1,9,15.4,178461.88,10.3012,9.7512,8,3,4,Sole Proprietor,3,30.2,1,1,112587.9,110411.97,TX,0
653,500237.81,570143.06,238210,4,3,1,7,8.9,108845.33,7.8506,8.7502,2,3,1,LLC,9,1,1,1,62635.57,61145.19,AZ,1
581,455561.65,397046.44,531210,6,4,1,14,10.1,104118.1,17.3039,18.7699,3,2,3,Sole Proprietor,9,27.9,2,2,76373.97,69458.05,OH,1
698,412554.31,422995.49,445110,1,2,1,19,13.1,370750.51,13.2196,12.0532,7,5,5,LLC,4,26.6,0,0,344044.68,292836.66,AZ,1
696,2157674.44,2663245.33,541511,1,4,0,23,10.8,154298.95,3.5,3.754,2,3,2,LLC,5,24.6,2,1,125226.24,106770.24,TX,0
555,698511.48,767904.39,236220,4,5,1,19,10.5,109076.94,12.9341,13.7707,7,6,6,Partnership,8,25.8,1,3,71027.01,68097.41,NC,1
572,380125.29,323969.24,445110,4,4,0,18,3.4,231428.54,7.0517,7.6753,6,4,9,Corp,5,31.3,1,1,161848.18,168916.79,WA,1
628,579791.21,659210.25,445110,5,2,1,0,4.9,109343.04,14.8021,14.2204,6,2,2,Sole Proprietor,6,42.4,1,0,58511.15,53931.17,IL,1
728,1582000.44,1770690.49,621111,5,4,0,26,15,208107.73,10.1086,9.5825,2,2,2,Partnership,3,19,0,0,103023.11,102051.22,OH,0
726,345656.12,387776.51,236220,1,4,1,25,6.2,95326.66,11.9739,13.1478,2,3,4,LLC,5,18.4,2,1,74322.42,73194.85,IL,1
649,1038085.16,994040.37,484110,1,5,1,20,5.5,98244.78,8.7061,8.1712,4,3,2,Sole Proprietor,2,23.5,1,1,53131.02,52140.34,FL,0
540,1112206.81,1260210.79,484110,5,3,1,17,9.3,254909.47,10.8034,12.0104,5,6,4,LLC,7,33.8,2,3,125613.99,114590.69,NC,1
698,737201.87,637576.25,531210,3,5,1,1,3.5,211915.01,9.7315,8.7864,8,1,3,Corp,3,18.2,0,1,198651.93,206614.37,FL,0
630,852448.82,1024278.3,722511,3,4,0,7,0.5,94709.28,10.5369,10.6134,3,2,4,LLC,8,17.1,3,1,46109.01,39291.83,FL,1
662,1677728.34,2019265.31,238210,1,4,0,2,6,77262.18,12.1675,11.1386,8,3,7,Sole Proprietor,5,24.6,1,1,72266.02,66564.68,NY,0
608,586095.16,715954.32,445110,5,5,1,29,10.4,141075.47,12.4096,13.9495,1,5,1,Sole Proprietor,3,22.7,0,2,65010.64,63258.23,NC,0
617,589521.51,712600.11,541511,5,3,1,12,6.9,124671.51,9.9932,9.4515,1,6,9,Corp,7,29.2,2,4,79836.7,79350.9,OH,1
695,627042.38,737694.34,484110,1,3,1,10,13.6,188556,9.0759,8.1715,5,2,4,Partnership,5,26.2,2,2,133502.17,139266.6,GA,0
679,1436153.51,1366102.38,722511,1,5,1,11,15.4,127514.62,7.5118,7.4613,5,1,7,LLC,5,44.9,1,0,86534.69,85119.67,GA,0
702,1636870.63,1434008.37,531210,4,2,0,18,14.2,238141.39,8.6496,8.0581,8,3,3,LLC,5,13.6,1,0,195786.92,176708.98,GA,0
665,2965285.03,3066667.73,722511,1,4,0,7,11.3,73145.67,11.5777,12.6073,2,5,8,Partnership,3,24.2,0,0,50647.26,52819,CA,0
696,1509722.18,1541366.24,445110,1,4,0,6,5.9,77291.31,17.6318,18.9553,6,4,2,Sole Proprietor,6,26.8,1,5,72253.34,69849.28,NY,1
657,835058.31,727837.06,236220,1,4,1,32,16.9,369144.19,13.4474,14.3136,4,2,2,LLC,3,23.4,0,1,189260.04,188378.24,CA,0
624,1295432.04,1275475.36,541511,2,2,0,13,10.1,209618.98,4.264,4.0821,4,1,6,LLC,5,11,0,2,115521.77,98516.07,IL,0
716,472591.14,439450.99,621111,1,4,1,24,6.7,144644.16,11.9723,11.7586,7,3,6,Partnership,1,28.1,0,0,91258.88,81895.11,TX,0
560,1234709.9,1435575.89,722511,5,1,0,8,5.7,81048.51,15.1954,16.7932,5,3,8,Partnership,4,41.9,3,2,36896.49,37004.51,IL,1
615,1644583.34,1868711.66,621111,4,2,1,26,21.9,99291.61,5.9975,6.0139,2,3,9,LLC,3,20.9,2,0,85070.49,88437.67,GA,0
632,1354700.27,1637842.39,621111,5,5,1,20,13,345299.81,13.7835,14.5309,4,6,8,Sole Proprietor,3,20.9,0,0,252733.85,236686.02,WA,0
626,1255326.35,1310925.42,722511,1,3,0,15,13.6,371407.49,7.4439,6.7885,6,3,4,LLC,1,35.3,0,1,204321.44,210325.92,AZ,0
628,298324.36,275308.52,722511,6,4,1,17,15.9,152987.69,9.592,9.1256,3,5,1,LLC,5,9.8,1,1,93738.97,93666.19,TX,0
712,1513339.12,1830188.76,484110,6,4,0,14,12,121934.08,9.4936,9.1024,5,2,2,Sole Proprietor,3,13.1,1,0,101765.35,99225.14,OH,0
576,425404.28,473978.84,531210,3,3,1,9,6.7,321314.43,12.2802,13.7134,2,2,4,Corp,6,38.3,2,1,208197.72,189664.43,OH,1
658,994327.84,1067099.47,445110,5,1,1,3,7.4,104784.96,13.1357,14.7385,7,6,8,Corp,6,44.9,0,0,68925.24,70493.11,IL,1
637,478678.62,520456.34,531210,5,5,0,7,5,260237.62,13.9319,12.8663,8,3,2,Corp,8,20.6,0,1,126216.53,115561.33,AZ,1
817,1508821.42,1287683.28,621111,1,1,0,1,14.2,197032.16,5.5449,6.2455,1,1,6,Corp,1,11.4,2,0,110946.07,109032.49,TX,0
647,494874.05,602531.37,621111,5,2,0,17,9.4,123874.49,12.6933,13.1138,6,6,6,Corp,8,33.2,3,1,59245.26,53890.9,GA,1
664,1081121.85,1009457.37,621111,4,2,0,17,9.2,161503.12,5.5715,5.2209,3,1,6,LLC,1,18.1,0,0,91447.19,91946.47,AZ,0
678,248786.23,258739.92,236220,4,4,1,2,10.7,117195.06,15.037,13.6933,2,6,3,Partnership,9,40.3,0,2,98247.46,99436.64,IL,1
695,1442208.63,1360435.85,722511,1,2,0,30,19.5,350817.76,7.5171,7.9403,6,3,8,Partnership,4,42.6,2,0,284848.68,295902.43,IL,0
662,1778931.16,1792408.5,238210,2,5,0,4,5.1,74026.59,16.01,15.6798,6,3,8,LLC,6,40.9,2,0,52326.17,51431.87,AZ,1
709,581089.74,720572.03,445110,6,4,1,28,17,101730.12,11.8778,13.1826,1,5,1,LLC,1,19.3,1,0,66237.51,66717.15,OH,0
690,754708.24,893647.95,722511,6,1,1,9,8.1,98350.55,12.1515,11.4795,3,2,4,Partnership,5,11.8,2,1,54737.37,49184.2,AZ,0
623,455376.31,495255.48,236220,1,2,0,0,2.3,232484.25,14.8677,17.0595,4,3,5,Corp,5,36.8,1,2,118518.91,115028.29,CA,1
535,528549.95,526063.27,445110,2,1,1,10,3.4,234060.54,11.3767,11.3152,5,5,5,Sole Proprietor,5,27.9,0,0,213622.71,223886.89,WA,1
672,2658763.97,2709648.04,236220,2,5,1,17,16.7,159992.68,10.1293,10.5006,5,3,8,LLC,4,25.1,0,0,103887.42,96319.15,NY,0
674,2048578.16,2240261.39,484110,2,5,1,9,14.9,96912.82,11.0493,10.6245,4,6,3,LLC,6,23.2,3,2,53573.68,50900.41,FL,1
639,251472.4,294807.83,722511,6,4,0,19,13.9,169981.61,9.6205,10.041,1,3,5,Corp,8,17.2,2,0,110195.06,102351.03,GA,1
500,306553.32,330188.04,621111,1,2,1,11,11.5,54607.6,19.1017,17.5217,2,4,7,Sole Proprietor,5,55.3,1,3,36270.17,35833.2,NY,1
739,367051.23,372833.06,445110,5,3,0,14,5.7,431451.36,9.7639,10.6516,5,3,1,Corp,8,30.9,2,1,264918.49,271143.8,TX,0
725,1320272.62,1235940.8,722511,1,5,0,18,14,130212.31,12.5606,13.362,2,3,9,Corp,3,48.4,2,1,84080.75,77898.35,GA,0
645,813914.31,752115.21,484110,4,2,0,18,5.5,178769.33,20.8391,22.1568,1,2,9,Sole Proprietor,7,22.8,2,1,140744.86,142564.37,AZ,1
617,2518244.97,2804625.73,621111,6,5,1,30,14.4,55157.47,5.0264,5.5948,8,5,8,Corp,6,19.7,0,1,49637.1,44470.35,AZ,0
738,891520.02,803330.55,621111,6,2,1,1,8.4,96394.98,11.1451,11.6517,4,3,8,Sole Proprietor,3,15.5,3,0,62992.81,60925.62,WA,0
662,2336421.02,2033568.61,238210,6,5,1,10,3.1,366233.95,10.481,10.8011,8,6,5,Partnership,6,31.3,2,0,306264.2,309492.53,NY,1
675,1429696.75,1705735.08,236220,5,2,1,14,13.5,471979.75,8.9685,9.24,6,2,4,Corp,1,19.9,1,2,397456.44,350148.64,NC,0
750,1478793.7,1671751.51,541511,1,4,1,1,10.2,178462.38,7.5507,7.8308,6,6,1,LLC,1,22.5,0,0,91405.18,85666.82,CA,0
575,3014230.61,2647852.24,238210,3,2,0,31,11.2,84916.83,10.8047,10.7542,4,5,2,Partnership,1,34.8,0,1,74903.86,71317.37,NY,0
741,1149900.08,1147151.99,621111,5,3,1,23,10.4,229554.64,12.293,13.8031,5,3,3,LLC,6,26.3,0,0,214287.4,185066.76,FL,0
575,720208.35,780795.13,722511,6,5,0,7,20.6,152550.06,12.2066,11.9591,7,5,7,Corp,4,38.6,0,1,118645.15,108171.52,TX,1
755,679604.92,698612.62,722511,2,2,1,25,20.7,229673.64,6.1138,6.7061,8,1,2,Corp,4,24.2,1,0,122722.49,104498.4,NY,0
637,584891.61,686402.47,621111,4,1,1,18,5.7,143968.47,13.0137,14.0521,2,2,7,Partnership,7,34.1,2,2,127293.58,116564.54,WA,1
680,1383703.62,1543636.09,484110,5,1,0,16,15.6,113249.26,14.1203,13.155,6,3,8,Corp,4,33.5,0,4,89215.53,82025.98,GA,1
705,903917.59,908436.12,238210,2,2,0,23,8,152273.7,11.4608,11.6314,5,1,1,Sole Proprietor,1,32.7,2,1,88896.74,85843.6,NY,0
738,1052762,1195856.45,621111,3,4,0,23,13.4,343887.33,3.9979,4.1828,4,3,9,Partnership,4,13.6,1,0,302758.17,295002.29,WA,0
718,2768143.72,3056270.86,621111,3,3,1,2,4.7,166103.58,13.4596,12.479,7,3,8,Partnership,7,17.9,1,0,101728.66,105155.69,CA,0
744,921688.2,862477.06,445110,1,2,1,17,10,104687.1,5.1946,4.8373,6,3,6,LLC,5,5.8,2,2,78752.21,75329.13,TX,0
757,1227740.53,1146031.23,236220,3,2,0,15,10.7,86474.85,11.1269,10.5544,5,1,7,Sole Proprietor,1,29.9,2,1,49509,49884.76,IL,0
660,3948927.85,3510693.5,238210,4,1,1,21,6.8,162633.32,10.6459,10.2509,2,1,4,Partnership,1,17.6,0,1,109771.9,99738.1,FL,0
539,1948988.97,2342479.79,236220,6,1,1,7,7.3,91574.21,7.813,8.9007,6,4,2,Partnership,5,1,0,4,58799.35,54684.04,OH,1
800,1024371.31,1084537.62,484110,5,4,0,33,23.6,267085.02,10.4111,9.7175,8,4,7,Sole Proprietor,2,12.9,4,0,145463.12,141061.67,FL,0
642,742164.57,766745.11,621111,4,1,0,19,4.1,155892.74,8.0523,8.0931,7,2,7,Sole Proprietor,6,36.8,0,2,131601.76,133976.57,TX,0
710,779947.71,831298.06,445110,5,2,1,8,11.7,261930.66,12.158,12.8343,2,1,9,Partnership,6,26.2,0,1,243011.72,208052.87,OH,0
564,1858015.92,2176334.46,236220,5,4,0,7,7.5,131328.83,9.8895,9.8309,7,5,2,Corp,6,14.6,3,1,94407.74,80299.28,IL,1
618,498302.8,446236.52,541511,2,3,0,23,14.4,298729.9,11.7796,12.2059,8,5,2,Partnership,8,28.7,1,0,264320.03,267083.48,AZ,1
728,1150551.21,1060860.94,484110,5,1,1,17,10.3,188890.32,4.0552,4.2579,2,6,3,Corp,6,5,2,1,146971.93,152439.65,AZ,0
609,2208779.13,2253194.58,621111,6,2,1,29,9.6,104189.26,5.2412,4.9354,8,1,7,Corp,4,58.7,1,0,52662.29,55006.49,CA,0
625,1498733.09,1568613.4,238210,4,5,1,12,10.1,114775.87,12.8038,13.845,3,5,1,Sole Proprietor,2,15.7,0,0,92952.27,80753.21,TX,0
647,441225.22,379667.13,238210,4,4,0,2,10,174787.04,10.8284,10.3549,3,2,5,LLC,5,23.4,1,3,93484.58,92990.89,NC,1
724,1064221.2,1217677.43,238210,4,1,1,12,19.2,170856.66,10.3244,10.6576,4,4,5,Partnership,5,30.7,0,2,146190.28,140853.99,FL,0
613,1129310.96,1293997.58,541511,2,1,1,24,17.6,96307.1,10.8814,11.7365,6,3,3,Corp,3,11.7,0,1,58326.62,52537.53,NY,0
760,2217931.19,1921420.58,484110,1,2,1,13,12,88959.94,11.8022,12.1626,5,5,7,Partnership,1,15.8,1,2,44338.02,40755.49,AZ,0
591,1037502.44,963154.7,531210,1,1,0,12,10.7,119643.03,3.5,3.6473,8,1,4,Partnership,4,2.2,0,2,97205.31,88668.91,AZ,0
619,374639.2,371234.81,238210,4,5,1,11,6.8,81277.26,5.9929,5.6757,1,4,4,Sole Proprietor,5,25.7,1,0,67411.51,64611.7,GA,0
616,353631.09,416968.06,236220,3,3,1,9,11.9,55519.1,15.1266,15.7112,2,6,1,Sole Proprietor,8,28.8,1,0,37486.11,34643.15,NC,1
608,1847331.38,2195074.25,531210,2,5,1,13,0.5,71705.01,14.3491,13.6039,5,5,3,Partnership,4,47.3,2,1,41788.43,37248.25,CA,1
612,723403.49,875743.7,484110,5,4,0,6,3.3,145344.97,14.9355,16.9803,3,5,3,Sole Proprietor,9,24.4,1,4,87409.71,79882.63,IL,1
726,1561705.18,1704029.73,531210,4,5,1,11,10.8,94375.24,9.0983,9.8324,7,5,3,Sole Proprietor,5,25.6,0,3,67862.58,62936.52,AZ,0
657,660309.69,821600.08,621111,6,3,1,3,16.6,59252.72,16.0718,14.743,5,5,3,LLC,5,7.3,0,1,42382.16,43042.3,WA,1
709,375469.85,453234.59,484110,1,3,0,10,6.7,215168.59,14.4928,14.1954,5,5,8,Sole Proprietor,8,33.6,2,1,108418.04,112829.85,TX,1
670,5194741.59,5334834.02,238210,6,4,0,38,15,172951.66,13.6499,12.7043,2,3,4,LLC,2,47.8,1,0,112830.1,113357.34,OH,0
586,179847.15,177069.58,621111,5,2,1,1,16,222517.75,15.0158,14.2677,6,6,6,LLC,6,18.7,2,2,211095.78,209112.42,TX,1
600,1688479.36,1508371.71,445110,5,1,0,2,16.2,152778.98,13.2973,12.3028,6,4,3,Partnership,6,5.1,2,2,104005.68,89996.67,TX,1
545,638316.15,662165,236220,6,2,1,5,3.2,269335.34,12.5186,11.8,2,4,6,Sole Proprietor,8,16.5,1,1,192943.82,178969.44,OH,1
664,555128.52,538208.98,238210,6,2,0,1,11.5,251286.02,10.6682,11.2398,4,2,7,Sole Proprietor,1,29,0,3,195370.09,166510.41,NC,1
776,3435386.31,3147618.09,484110,5,5,0,5,5.8,257397.45,3.5,3.3822,2,2,2,LLC,4,22.6,1,0,165978.21,161798.14,GA,0
749,1610769.81,1893904.22,445110,1,2,0,23,7.7,147600.22,13.8571,15.3072,8,2,9,LLC,4,39.4,0,2,104490.5,105271.45,CA,0
668,763506.54,767496.07,445110,1,3,1,11,11.7,183088.89,11.716,13.4008,1,2,1,LLC,3,27.4,1,2,113745.1,106339.18,CA,0
514,914738.74,1109884.4,236220,4,2,0,8,9.4,108760.83,11.1124,11.5294,8,2,7,Corp,9,25.3,3,3,77295.25,73123.5,NY,1
601,329866.85,307898.11,621111,6,2,0,7,12.2,249817.55,8.3683,8.7826,1,4,5,Sole Proprietor,6,42.8,2,2,202798.34,195859.93,AZ,1
724,1531850.91,1581324.46,445110,6,3,1,6,25.8,90877.01,3.5,3.9201,1,6,9,Sole Proprietor,3,38.1,0,2,59288.16,50401.53,GA,0
711,1140225.54,1036453.39,238210,5,2,0,16,9.8,101900.28,8.2842,8.1833,7,2,5,Sole Proprietor,6,1.2,0,2,79179.93,80533.6,TX,0
649,1308230.66,1174220.71,541511,6,1,1,17,9.2,61777.18,15.0244,17.2638,3,2,4,Sole Proprietor,7,38.8,0,2,46327.79,46349.29,TX,1
500,1151963.22,1301615.2,541511,4,3,1,12,6.3,86260.22,10.3825,9.7295,8,3,5,Partnership,5,10.3,1,1,45076.58,46843.8,IL,1
595,1040172.07,989779.65,445110,5,2,1,32,13,221934.13,8.2259,8.9877,5,5,6,Sole Proprietor,5,1,1,1,200048.88,186593.32,AZ,0
753,808788.44,829992.35,531210,3,5,0,13,3.6,110323.1,7.3522,6.8736,2,6,8,LLC,3,23.7,1,0,96874.97,99765.8,AZ,0
537,1588587.54,1362813.89,238210,1,3,1,18,6.2,294743.46,15.4064,15.6456,3,6,2,Corp,8,51.7,1,3,208159.68,213171.64,TX,1
778,653706,615934.1,722511,4,5,1,21,19.1,235858.09,8.0675,7.5855,4,1,7,Partnership,4,1,1,2,207501.22,196650.81,AZ,0
576,352429.38,388240.67,484110,3,2,0,11,6.1,244608.62,16.9844,18.0731,2,5,4,Corp,7,25.7,0,1,123609.3,108863.38,TX,1
597,461748.91,402445.29,722511,1,4,1,10,11.8,119250.28,11.0907,12.3582,2,5,8,Sole Proprietor,6,37.2,0,1,77453.06,71123.16,NC,1
728,814698.24,985456.18,722511,3,4,1,9,17.8,190835.66,9.5601,10.7247,6,2,8,Sole Proprietor,7,10.9,0,0,98555.79,98915.74,CA,0
614,1949444.19,2387921.95,484110,6,3,1,16,3.8,197049.75,3.8059,3.9765,7,3,8,Partnership,5,38.4,0,1,99956.41,101436.93,OH,0
582,759377.9,813682.1,541511,1,5,0,9,4.6,202416.25,14.4756,14.5835,3,6,2,Partnership,5,8.1,1,0,106024.34,90930.68,FL,0
624,925406,1047570.03,484110,1,3,0,12,7.9,217250.16,12.901,14.1338,4,4,7,LLC,7,20.5,2,1,127463.89,116204.58,NC,1
749,680924.48,614840.87,722511,4,3,0,27,8.3,325958.01,7.9182,7.6208,1,3,8,Corp,6,20.9,1,1,285227.14,286734.71,IL,0
637,1785397.19,1529700.09,445110,5,3,1,25,17,87081.68,9.0198,8.6118,3,3,7,Partnership,3,33.6,0,2,42345.52,36198.48,WA,0
510,2065779.44,2443832.39,484110,6,4,0,4,12,107967.9,6.9963,7.8743,3,4,8,Sole Proprietor,4,44.2,1,3,73200.86,72956.56,CA,1
694,598975.93,575113.33,531210,2,3,1,17,11.6,168903.99,9.6314,8.9362,7,5,3,LLC,1,25.3,2,0,116284.85,99582.62,GA,0
629,371990.99,377196.24,541511,2,4,0,20,8.6,132981.55,14.0313,15.6469,7,4,2,Corp,4,33.3,4,2,102716.23,93252.37,CA,1
703,820345.27,832232.2,541511,5,4,1,13,12.8,82876.35,10.3566,11.3671,3,4,9,Partnership,7,27.6,0,0,56856.17,56021.58,OH,0
654,1634413.37,1617093.5,484110,1,1,1,7,0.5,120723.37,9.7667,10.6412,3,4,8,Sole Proprietor,3,25,0,0,84160.2,77168.54,WA,0
597,203514.52,225213.01,541511,5,4,0,8,5.8,171853.84,14.9709,15.4855,5,1,6,Sole Proprietor,3,39.8,0,1,127427.76,123227.52,TX,1
500,1394297.76,1226932.38,445110,1,5,1,17,5.8,110393.63,14.1176,13.2545,5,6,8,Corp,2,11.3,1,3,76288.87,72649.36,NC,1
600,933167.16,842226.25,621111,2,1,1,30,7.4,132645.9,4.6728,5.0983,4,5,2,Sole Proprietor,4,41.2,2,1,116701.55,110814,WA,0
652,1485351.47,1792259.29,722511,6,4,1,19,16.7,145140.68,6.7662,6.2961,7,4,8,LLC,3,21.6,0,1,106299.86,104532.74,CA,0
631,904108.29,1099503.73,484110,3,2,0,14,0.5,410997.53,7.2696,7.2067,2,1,1,Corp,7,30,1,2,389950.36,386119.56,NY,1
611,605860.56,639261.12,484110,4,4,1,21,6,150404.99,7.4415,8.345,5,2,6,Corp,7,8,2,1,86912.41,77463.71,OH,1
527,1089554.46,1122414.67,238210,5,2,1,13,16.5,78054.64,9.6804,9.3781,6,4,4,LLC,3,26.1,0,1,69248.02,61293.82,NC,0
527,575578.49,582080.53,531210,5,2,0,11,10.5,78286.06,9.8668,10.5694,3,2,7,Sole Proprietor,5,24,1,2,65304.37,65202.93,NC,1
639,615762.46,742231.99,484110,4,4,1,3,11.8,529540.13,11.3621,10.2528,3,2,6,Sole Proprietor,6,23.9,1,1,486728.56,470593.34,AZ,1
719,773173.82,832440.09,484110,4,4,1,21,11.9,145643.81,11.3056,10.392,6,1,5,Partnership,2,31,1,1,94203.19,87899.92,WA,0
531,287031.68,260633.77,236220,1,4,0,10,0.5,71235.33,13.138,14.7098,4,4,5,Partnership,5,14.4,0,3,55400.47,55556.44,GA,1
705,1105390.07,1013422.9,621111,1,4,1,20,14.5,91896.12,7.3509,7.5469,8,1,5,Corp,6,22.6,0,0,60281.57,58448.74,NC,0
586,1620977.11,1399923.76,531210,1,5,0,2,4,318720.24,13.0714,13.3982,6,1,2,LLC,6,59.2,3,1,153294.71,142411.2,NC,1
663,1236297.21,1386702.84,236220,1,5,0,10,11.2,214246.56,10.8555,12.4316,8,6,7,LLC,6,32,1,2,160334.24,150220.49,IL,1
674,939126.87,1088895.69,722511,6,1,1,15,16.9,101796.58,7.8587,7.7338,1,1,8,Corp,2,17,0,2,87780.4,80247.29,OH,0
561,616200.08,653490.24,445110,6,4,0,6,7.1,112731.56,14.2838,15.6696,4,5,2,Partnership,6,24.1,1,1,78521.57,72704.56,NY,1
701,2979272.82,2651079.38,445110,1,4,1,11,12.4,413593.67,9.2228,8.9477,4,1,8,Sole Proprietor,3,2.4,2,2,285658.62,285277.82,NC,0
642,2059594.64,1947760.5,621111,3,3,0,15,11.3,228357.88,12.7927,13.9549,7,6,2,Partnership,4,3.6,0,1,147373.87,141327.47,CA,0
672,437183.51,452135.71,531210,1,3,1,17,7.9,207172.73,15.3641,16.3867,5,3,1,Corp,5,28,2,3,157432.69,164796.79,NY,1
693,263020.47,234284.93,238210,1,5,0,2,0.5,241136.67,19.5807,21.1583,2,6,4,Sole Proprietor,7,20.1,2,3,217435.51,203993.71,IL,1
659,1046133.65,1246678.74,445110,3,5,0,21,19.6,114656.57,7.9781,7.8175,3,4,6,Sole Proprietor,4,15.9,2,2,82015.88,84156.85,FL,0
723,380106.52,471003.9,445110,4,3,1,15,14,178109.6,8.7639,9.9505,1,1,2,LLC,5,23.6,1,0,155769.54,143647.74,CA,0
712,868863.48,988350.3,722511,1,2,0,15,4.2,130331.09,14.9036,16.0798,7,3,1,Partnership,5,10.6,3,3,67031.09,57497.47,CA,1
550,537545.89,667299.44,484110,2,2,0,1,5.4,127560.66,14.3802,15.379,6,1,5,LLC,6,13.4,0,4,100383.55,101834.23,NY,1
659,1927442.81,2172706.48,484110,1,5,0,12,19.3,125195.95,7.016,6.4548,3,1,5,Corp,2,8.2,1,1,80191.46,73714.48,WA,0
590,1989755.83,1787361.39,236220,1,2,0,21,0.5,192077.8,10.2732,9.9003,8,4,5,Corp,3,1,0,1,176118.98,154912.17,NY,0
540,504147.45,513060.42,238210,3,1,1,2,6.9,89270.72,12.4585,12.1528,1,3,4,Corp,5,35.2,0,2,63273.96,54453.31,NC,1
615,712852.11,835525.04,621111,6,3,0,16,12.5,82412.8,3.5,4.0191,2,5,3,Corp,6,5.5,2,0,58550.18,55110.07,CA,0
633,362280,373095.17,541511,6,4,1,0,9.9,119830.27,8.8544,10.1645,6,3,5,Sole Proprietor,8,35.6,1,0,64542.71,63614.51,GA,1
700,700387.88,838447.65,531210,5,5,1,30,17.1,130570.91,12.2863,11.7157,4,5,1,Partnership,2,25.6,2,0,87724.55,81869.71,NY,0
576,748036.55,927337.61,238210,5,1,1,0,3,99185.06,10.73,9.9163,5,5,1,Sole Proprietor,6,37.3,2,2,66878.35,60326.16,AZ,1
660,609663.72,554641.36,541511,6,2,0,6,6,164163.08,8.1453,7.7371,2,6,8,Sole Proprietor,5,30.9,0,1,81594.96,83874.01,OH,1
548,831664.67,887048.34,445110,4,3,0,0,2.9,150391.86,12.269,12.5567,8,1,9,Sole Proprietor,5,25.1,1,2,105948.18,91811.43,FL,1
625,563173.87,657544.32,621111,5,1,0,0,11.7,99247.65,14.082,15.843,4,2,5,Sole Proprietor,6,34.6,3,1,69306.73,64749.4,OH,1
666,482391.64,417964.89,531210,4,2,1,1,6.8,108070.79,8.7795,10.0634,7,3,1,Corp,6,27.5,0,2,95716.63,92021.48,IL,0
751,2014478.56,2199478.02,484110,3,4,0,30,19,293664.57,11.4593,13.1704,6,6,1,LLC,3,41.7,1,1,262087.05,264227.37,AZ,0
642,628390.26,666585.17,445110,3,4,0,7,12.5,222089.25,9.2358,9.5933,6,2,8,Partnership,4,36.3,0,0,174190.91,182889.18,WA,0
678,1408905.51,1474377.78,541511,3,1,1,20,20.1,168943.74,10.9726,10.6046,6,4,3,Corp,6,26.2,0,0,126151.22,116945.23,FL,0
722,950208.84,916928.3,238210,4,5,1,12,7.5,282555.99,11.6904,12.2401,1,5,4,Partnership,5,41.4,3,3,217509.68,227131.7,FL,0
566,2451438.38,3054427.02,484110,4,1,0,6,5.7,90383.17,14.7156,13.5095,6,5,9,LLC,6,19.9,0,3,79316.26,77051.97,NC,1
694,592608.03,664351.22,238210,1,2,1,9,15,84666.66,11.1588,11.9798,5,5,6,Corp,9,29.1,2,1,44191.66,37686.08,TX,1
617,391825.42,416046.82,238210,5,2,0,7,0.5,125254.65,13.1209,13.9522,5,1,3,Sole Proprietor,8,33.8,1,0,112541.1,100951.56,NY,1
557,318370.25,338444.02,445110,1,3,0,0,12.1,119362.76,9.6394,9.1068,2,5,6,Corp,4,36.6,1,2,109943.93,98962.7,OH,1
664,994391.66,1238175.16,531210,3,5,1,4,19.4,134649.09,8.0842,8.4426,4,4,1,Sole Proprietor,4,28.1,0,0,116414.09,115979.53,TX,0
550,945726.94,1085089.51,445110,4,3,0,1,6.6,81130.95,8.0777,7.7304,4,2,2,LLC,6,25.2,1,0,72443.45,75903.05,CA,0
583,267390.31,233776.12,541511,6,5,1,17,9,123931.77,17.6512,16.4087,8,3,5,LLC,7,32.6,0,3,75946.13,68791.7,OH,1
724,487429.23,577391.09,621111,1,3,1,17,7.2,208655.08,11.6067,12.6996,5,6,6,Sole Proprietor,3,20.6,2,2,182091.32,181818.51,NC,0
570,1538659.35,1915663.69,236220,6,5,1,20,7.4,196984.27,17.674,19.3323,7,2,6,Corp,4,28,4,3,174935.77,174400.57,NY,1
695,677854.51,837054.71,238210,3,2,1,0,12.8,179162.48,6.5379,7.3827,4,1,6,Sole Proprietor,7,8.8,1,2,102117.68,105752.96,WA,1
666,556273.93,625007.79,722511,6,3,1,22,12.2,148419.87,3.979,4.3509,1,4,3,LLC,4,46.5,0,2,69770.37,72914.91,GA,0
600,374893.92,383708.65,621111,2,5,0,11,12.1,183020.59,12.3225,14.0912,8,2,1,Corp,5,40.2,0,2,158766.19,147578.56,WA,1
685,1334945.69,1382128.54,236220,4,4,0,18,10.7,62753.94,7.2737,7.2804,3,3,3,Sole Proprietor,2,11,1,2,35532.93,30447.15,NC,0
676,689875.87,794108.89,484110,6,3,1,17,13.1,154792.83,9.557,9.3867,3,2,5,Sole Proprietor,2,20.7,0,0,92901.8,96034.28,IL,0
687,391407.17,352204.95,238210,1,4,1,16,10.5,122513.28,18.6319,17.5661,3,3,7,Corp,2,7.9,2,1,90556.21,85869.55,CA,1
742,809300.43,779622.97,531210,2,3,1,23,15.6,247270.7,11.9803,11.5141,3,2,7,Partnership,1,32.3,1,0,138711.23,132359.54,GA,0
592,747435.57,640754.53,238210,6,1,1,6,6.9,153184.92,10.7387,11.9146,4,3,5,LLC,7,7.4,1,3,92686.07,92066.23,AZ,1
614,444740.8,516148.27,445110,6,1,0,12,12.2,119343.94,15.1774,17.1998,8,4,9,Sole Proprietor,7,26.7,1,3,62666.96,65396.8,GA,1
576,588660.62,617055.2,445110,5,1,1,17,13.5,153104.72,11.2475,11.1269,6,4,7,Sole Proprietor,6,14.7,1,3,80133.16,74792.91,NY,1
744,1598668.97,1402680.32,445110,4,4,0,12,7.2,366663.1,12.7283,13.8651,2,6,7,Partnership,4,22.9,3,0,178705.91,162674.72,WA,0
659,622806.11,588716.94,238210,1,3,1,17,4.2,283876.53,14.8859,15.8051,1,6,2,Sole Proprietor,3,2.2,1,2,161547.54,165893.48,OH,0
527,578081.46,692358.41,238210,3,4,0,20,7,225078.21,10.905,10.3752,4,3,5,LLC,6,27.2,0,2,140470.89,137363.87,WA,1
658,1130186.45,1053925.98,236220,1,1,1,0,12.7,127448.9,21.7176,23.8547,7,5,9,LLC,6,41.3,0,2,107459.73,94695.56,OH,1
500,657082.74,630269.85,722511,3,2,0,8,6.6,209355.75,14.2648,13.0198,8,6,4,Sole Proprietor,6,34.8,0,1,132508.43,136848.57,WA,1
517,940705.92,1021099.64,445110,4,2,1,11,13.1,424685.81,14.7029,15.841,3,4,8,LLC,8,14.8,1,0,350649.77,361791.6,GA,1
698,1585623.3,1530782.66,722511,5,2,0,21,14.3,165053.63,9.698,9.5997,1,4,7,Partnership,4,24.1,3,0,154828.77,131965.12,IL,1
612,1618767.31,1414382.37,531210,6,2,0,18,6.2,131832.59,5.2429,4.8079,6,4,1,LLC,5,6,0,1,105044.76,103830.09,IL,0
749,2083925.38,2526024.48,531210,5,2,1,16,2.6,373390.6,13.6282,13.718,2,2,3,LLC,7,20.6,0,1,172586.67,151098.74,NC,0
592,925924.65,1017640.5,238210,6,3,0,10,15.8,147867,10.4406,9.5037,8,3,2,Sole Proprietor,6,33.1,1,2,111912.93,117484.5,TX,1
675,1943156.84,1715644.59,621111,6,4,0,11,10.6,125758.32,13.0218,12.546,2,3,6,Corp,5,36.8,1,1,65857.66,64181.96,TX,0
648,801853.68,848135.08,236220,5,3,1,13,3.2,744213.72,11.1164,11.4221,6,5,9,LLC,3,11.7,1,0,367056.71,344380.19,CA,0
567,797551.46,784016.98,484110,5,5,0,22,14.6,125631.59,10.203,10.7133,5,6,7,Corp,4,44.6,1,1,95395.68,85240.56,GA,0
500,1098024.09,1126530.26,445110,4,2,0,8,9.9,186752.2,18.8778,20.2205,4,1,2,Corp,9,1,1,0,163289.78,156642.11,AZ,1
527,852705.71,1037349.49,722511,6,4,0,10,4.4,90719.13,15.6726,16.9027,7,5,2,Partnership,5,44.7,0,1,60516.41,52522.42,CA,1
702,933287.83,968382.05,236220,6,2,1,10,16.6,297050.13,8.9585,10.0312,6,3,8,Corp,3,11.6,0,2,279035.2,292655.27,FL,0
541,211358.56,242285.83,531210,5,2,0,8,4.5,145749.81,17.0031,16.9753,2,4,9,Sole Proprietor,5,23.8,1,1,124430.07,114607.1,CA,1
597,469094.45,492452.03,236220,3,5,1,13,5.9,416657.29,9.7658,9.3321,2,5,3,Corp,4,25.6,0,1,325781.65,335782.37,TX,0
593,1990436.5,2118861.3,531210,5,5,0,15,13.7,127021.08,11.9005,12.9736,6,3,8,Partnership,6,26,0,1,79502.68,78676.39,WA,0
637,648771.06,590126.75,541511,4,2,1,12,7.9,148265.63,15.4518,14.7914,4,2,6,LLC,6,28.1,3,1,128201.15,132603.07,CA,1
634,606873.59,695964.44,722511,3,1,1,20,11.4,105622.05,3.5,3.886,7,4,9,Sole Proprietor,6,11.8,2,0,86021.3,76420.42,FL,0
649,756477.44,767868.51,531210,6,3,0,13,6.6,69515.9,6.7402,6.0895,2,6,4,Sole Proprietor,5,15.1,1,0,55801.87,47445.81,WA,1
676,1707610.28,1699051.9,531210,1,3,1,8,9.2,80183.51,7.1046,7.806,8,4,2,LLC,5,27.1,1,1,74634.85,74136.39,TX,0
850,839216.59,714732.03,236220,3,1,0,27,10.2,280239.09,10.1674,10.6486,8,2,3,LLC,2,47.1,0,1,154714.24,146322.02,FL,0
671,490862.38,508829.76,621111,3,1,0,3,11.3,155885.04,14.8082,15.4448,7,2,2,LLC,5,51,0,3,90684.21,83524.1,OH,1
647,1366196.94,1332714.21,236220,2,3,0,14,14.9,176200.66,11.4794,11.775,1,5,4,LLC,2,4.9,1,0,117928.75,105495.5,CA,0
627,777347.39,773181.84,238210,2,2,1,16,0.5,312281.28,10.0564,10.5212,8,4,5,Sole Proprietor,1,10.5,0,0,216475.67,221565.77,IL,0
602,416932.17,518130.94,531210,4,5,0,0,3.5,135968.14,15.6506,17.0648,4,4,9,Partnership,7,30.3,2,1,61682.93,55860.33,WA,1
626,618017.56,728501.95,621111,5,4,1,24,14.3,62786.76,5.9831,5.4796,8,5,9,Partnership,3,21.5,0,0,47903.3,42621.42,OH,0
671,586854.28,676639.9,484110,3,1,0,14,10.4,173767.47,7.0842,7.4706,7,2,6,Sole Proprietor,5,35.4,0,0,93579.88,92958.79,FL,0
515,464530.56,418603.8,484110,2,4,1,14,8.4,227883.14,9.3942,9.3984,2,4,6,Partnership,2,39,2,1,195870.2,168763.77,NC,1
685,2869439.96,3131875.1,541511,1,1,1,23,13.2,233748.8,5.665,5.1445,4,3,4,LLC,2,23.4,0,1,188169.94,195976.5,NC,0
742,853792.29,1053267.87,238210,1,3,0,18,6.4,240586.37,10.9051,12.1615,6,1,1,Partnership,2,16.8,2,2,147014.95,141931.27,NY,0
600,1459417.37,1629280.43,238210,1,3,0,13,16.9,68982.23,6.2993,6.3331,4,2,3,LLC,5,50.1,0,1,62614.74,56616.15,AZ,0
520,643418,769357.52,445110,3,5,1,9,4.5,167761.76,8.8249,9.0676,1,6,3,Sole Proprietor,5,10.6,0,0,78836.08,78015.14,GA,1
620,314617.27,292911.49,238210,4,3,0,8,9.7,64373.18,17.5481,19.9737,6,4,6,Partnership,5,31.8,0,0,33430.75,30311.8,NY,1
706,785058.57,759139.34,722511,3,1,1,5,23.8,81166.1,3.5,3.4177,4,4,7,LLC,3,24.4,0,1,46156.39,46484.22,FL,0
575,454921.85,479485.62,621111,6,2,0,0,10.1,258689.14,13.0186,13.7091,2,5,7,Corp,7,32.7,2,1,223180.03,209813.32,OH,1
791,707938.12,849394,238210,1,2,0,6,9.1,154962.67,9.4063,9.7307,8,2,9,Partnership,2,32.1,2,1,89431.22,79435.18,WA,0
561,252365.87,257587.8,236220,5,2,1,2,0.5,159607.2,12.3809,11.172,5,6,6,LLC,8,43.3,0,1,117204.34,106529.86,GA,1
626,297219.6,268890.84,541511,5,4,0,15,0.5,249053.67,20.7018,20.4967,8,5,8,Partnership,6,39.4,2,1,191507.2,185565.11,WA,1
542,605269.67,642471.37,621111,4,5,1,0,9.5,93071.49,8.2415,7.5654,6,3,5,Partnership,8,11.8,1,5,65112.55,63415.97,IL,1
681,1103990.66,979265.35,238210,6,1,0,32,13.7,118429.44,6.7159,6.5667,6,2,3,Sole Proprietor,4,48.6,0,1,55480.51,50073.16,CA,0
728,1251685.6,1553089.61,621111,4,5,1,21,10.2,96393.06,11.9553,13.2052,6,6,7,LLC,4,7.4,0,1,66200.41,64916.63,AZ,0
637,401745.49,392440.78,445110,4,4,1,21,8.9,364407.42,6.9255,7.6174,8,4,9,Corp,2,18,0,3,195590.35,192744.39,GA,0
659,1709366.38,1867266.7,445110,2,4,1,0,6.8,209353.66,13.3294,12.3783,7,1,6,Partnership,6,32.4,1,1,160816.8,138249.21,AZ,1
755,1213664.04,1051895.11,722511,2,5,1,16,8.9,103349.04,11.5898,10.5442,4,1,1,Corp,5,27.9,2,0,95933.24,100489.13,FL,0
604,596763.14,711196.72,238210,1,2,0,5,7.2,212332.07,16.3362,18.7842,6,4,1,Sole Proprietor,7,45.2,0,1,167053.71,157239.22,TX,1
751,1911520.2,1852183.76,722511,4,4,1,34,14.7,131786.45,7.964,8.9411,3,3,4,LLC,3,20,1,0,111941.85,101643.13,FL,0
500,1235153.39,1221981.67,484110,5,2,0,18,6,109714.95,11.3031,11.638,7,3,9,Partnership,4,34.7,2,1,52957.71,48664.42,OH,1
707,844780.9,752271.89,722511,1,1,0,27,2.7,325327.62,13.2209,14.2349,1,4,9,Corp,5,33.7,0,1,261954.58,255953.44,FL,0
641,788546.39,898907.74,484110,1,3,1,13,18.4,253967.78,5.8179,5.6998,5,2,7,Sole Proprietor,6,15.4,0,0,200533.4,180742.46,NC,0
669,527589.65,630705.4,541511,1,3,0,12,23.9,134566.87,8.7889,10.0343,8,5,1,Partnership,3,23.3,0,0,90313.36,87325.64,FL,0
650,1869568.64,2175387.83,484110,5,3,0,27,8.3,274424.39,3.5,3.5894,2,5,5,LLC,6,33.9,1,1,171260.92,168680.71,CA,0
599,1060770.08,934200.8,531210,3,4,1,16,21.7,284222.03,5.9204,6.7965,2,4,6,Partnership,2,13,2,2,215085.5,202135.25,FL,0
608,623203.66,635200.07,238210,3,4,1,8,7.1,185021.1,16.6378,15.7157,1,2,8,LLC,9,37.6,2,1,169396.7,159962.48,IL,1
641,1195525.89,1194262.38,722511,6,3,1,9,2.3,319970.9,14.8329,15.5689,4,2,8,Corp,6,14.5,3,3,169059.69,162529.42,IL,1
620,1067732.74,1006564.21,722511,6,1,1,8,14.4,282580.97,10.894,10.2924,4,3,6,LLC,4,47.3,1,2,128496.92,131701.58,NY,0
500,792240.3,886114.89,621111,3,4,0,0,12.2,330415.04,12.7521,13.9079,8,4,3,Sole Proprietor,7,21.1,0,0,163176.96,160170.04,FL,1
730,943389.18,1095811.99,484110,1,3,0,9,0.5,45323.66,18.2432,17.6128,5,2,9,Corp,5,39.3,1,0,33125.7,33123.43,WA,1
583,277951.33,325187.22,484110,2,3,1,1,15.9,128623.5,12.7632,12.4873,6,3,1,Corp,6,24.7,1,2,59446.28,59742.8,GA,1
640,1562539.59,1354513.58,722511,4,5,1,18,5.1,227052.98,7.9227,7.3002,6,4,8,Partnership,3,5.6,1,0,131239.29,123924.86,NY,0
510,608608.45,582476.03,236220,4,2,0,6,15.4,107094.3,9.551,8.7372,8,2,8,Corp,4,29.8,1,1,68312.61,63912.17,NY,1
667,1212526.18,1510043.45,238210,2,2,1,15,1.1,127631.44,9.4525,8.5976,1,1,1,Corp,4,27.5,0,0,76864.59,74017.34,OH,0
656,848750.35,1015502.77,541511,1,4,0,7,2.8,102195.59,13.0188,14.6296,5,2,6,Partnership,8,37.6,1,2,65656.19,55849.88,GA,1
803,951102.53,1149140.8,484110,5,1,0,10,12.4,163125.26,10.3798,9.7378,5,3,9,Partnership,8,18.8,0,1,129369.2,110561.33,NC,0
559,1048551.2,1072674.41,621111,2,4,1,3,8.8,121052.56,15.3319,16.7572,7,4,4,Partnership,6,36.8,0,2,71191.46,74245.84,NC,1
570,400804.28,394612.83,621111,1,3,1,12,6,230245.03,13.8874,13.3595,1,5,9,LLC,7,24,2,3,193024.62,169782.4,WA,1
514,382529.41,464323.74,445110,4,1,0,0,5.7,138075.17,11.1531,12.1225,4,1,9,LLC,5,38.3,2,3,103345.64,104079.46,NY,1
617,321373.38,329524.32,621111,2,3,0,16,3.8,116316.5,3.5,3.6484,6,5,2,Partnership,4,27.3,3,1,81518.2,77503.53,WA,1
529,842509.71,882973.72,531210,2,1,1,2,9.3,183060.98,16.1718,17.4754,6,3,9,Corp,5,36,0,1,148108,130110.04,IL,1
717,2831985.55,3064380.29,722511,6,1,1,15,5,545008.98,7.9664,7.8933,4,4,8,Sole Proprietor,3,21.7,0,0,334195.55,324742.97,CA,0
599,1806156.28,1856060.74,445110,1,2,1,13,16,113891.28,11.7813,11.1325,3,2,1,Sole Proprietor,5,16.1,1,0,100376.38,97014.34,NY,0
570,398536.37,492840.23,445110,2,4,1,34,16.4,87168.42,9.7842,9.8418,2,2,5,Partnership,6,8.6,0,0,56916.53,55107.87,WA,0
721,1614852.97,2006979.65,531210,1,5,0,14,6.3,100536.44,6.929,6.6753,5,4,8,Partnership,1,27,2,1,92763.13,95707.42,TX,0
699,1310651.14,1614167.31,531210,1,3,1,12,16.9,79780.09,9.5575,10.9158,6,5,3,Partnership,2,41.2,0,1,38724.77,38380.74,OH,0
542,457960.45,482469.24,236220,5,3,1,8,15.1,88913.99,17.3401,19.3103,3,2,1,Sole Proprietor,6,5.9,1,2,69144.27,69600.8,TX,1
618,1388624.36,1687757.73,541511,5,5,1,13,7.3,135219.27,7.9188,8.2638,1,6,2,LLC,6,33,2,2,66654.36,58765.82,FL,1
674,620840.74,745172.3,445110,5,2,1,6,9.9,352976.57,14.4155,15.4146,4,4,3,Corp,5,1,0,2,206552.22,207302.09,AZ,0
605,342663.06,365827.84,541511,4,2,0,12,15.9,182319.79,8.3546,9.0675,1,2,2,Partnership,2,37.8,1,0,99681.75,102506.34,FL,0
650,1571096.9,1948342.98,621111,5,3,1,12,2.8,159086.18,13.1484,13.2443,4,4,2,Partnership,2,19.7,1,2,96397.2,94034.86,GA,0
752,1003023.44,917848.22,445110,1,5,1,2,13.3,161294.98,7.3411,7.5998,3,2,8,LLC,2,5,0,2,102201.22,92449.79,AZ,0
534,530748.53,540016.69,541511,5,1,1,7,0.5,89987.04,11.6089,12.0768,7,1,4,Sole Proprietor,3,26.6,4,1,42719.51,41451.24,NY,1
572,780657.79,949230.64,445110,2,2,1,11,0.5,118456.04,21.4758,24.0393,5,6,7,LLC,6,6,1,3,79482.65,75064.01,CA,1
610,1202101.96,1334125.11,445110,1,1,0,13,10.9,57700.79,5.5147,5.542,6,1,6,LLC,5,34.5,0,3,53617.82,48333.21,CA,1
547,662201.06,776408.89,236220,4,4,0,8,8,138269.81,8.7005,9.562,7,3,1,Partnership,6,7.1,1,1,64611.53,58475.12,OH,1
677,528340.94,576942.81,541511,6,1,0,18,6,61002.08,9.4552,9.551,6,3,2,Sole Proprietor,5,22.4,1,0,36509.37,31551.55,OH,0
694,578223.21,661418.77,445110,6,5,1,17,2.2,171124.51,14.0945,15.5347,5,1,7,Corp,9,24.5,0,3,142358.73,141740.86,NC,1
609,383423.33,340105.54,621111,4,1,1,9,18.3,84988.32,10.0548,10.8742,5,4,4,LLC,3,25.7,3,3,63039.81,66083.35,CA,1
605,4526943,5582865.19,445110,2,4,1,17,11.7,186693,4.7804,5.2602,7,3,8,Corp,4,8.1,0,1,86304.06,73361.73,GA,0
662,905134.7,1130570.93,531210,2,2,1,20,5.6,117159.61,3.5,3.7397,4,5,5,Sole Proprietor,5,25.8,1,2,56728.83,52927.08,CA,0
650,1828032.25,2159301.24,531210,1,2,1,19,16.9,190177.6,11.418,12.2747,6,5,3,Corp,4,13.6,0,0,115201.12,118296.34,TX,0
548,1028275.48,1068533.15,445110,6,2,1,10,0.5,216708.27,10.3594,11.7275,1,1,5,Sole Proprietor,5,1,0,2,127698.14,124923.59,NC,1
658,561160.4,693500.25,484110,3,5,0,6,9.9,123423.67,15.0887,13.895,1,2,4,Partnership,9,3.5,1,1,83534.01,80139.41,NY,1
585,1772189.1,2189657.93,484110,1,4,1,9,5.2,204673.18,14.4318,13.8845,5,2,7,Corp,3,25.3,2,1,110887.99,110891.35,WA,1
575,2037247.8,2512843.54,541511,2,1,1,25,3.5,112983.52,7.3037,7.9866,6,1,3,LLC,4,33.5,0,0,65113.35,67081.23,FL,0
573,376457.37,361719.86,531210,3,4,0,0,5.3,130943.95,8.3413,9.3188,1,5,6,Sole Proprietor,3,22.8,0,0,109705.06,108499.7,NY,1
693,571893.89,662577.13,484110,5,1,1,17,12.5,118645.41,10.5045,10.6868,3,2,4,LLC,2,24.8,0,0,92886.37,90730.02,NC,0
772,1275235.33,1496125.69,238210,4,3,0,27,8.9,253431.09,7.0197,6.8487,4,5,4,Corp,5,15.9,0,1,231275.83,218245.08,WA,0
714,697763.66,599400.56,621111,2,2,1,6,3.1,227928.46,9.6166,9.0319,5,3,6,LLC,5,33.4,1,1,194024.96,180451.23,FL,1
680,4014482.92,3420687.72,484110,2,5,1,12,21.1,155654.59,9.3524,9.2124,2,4,9,Sole Proprietor,3,31.4,1,1,123129.35,117264.98,CA,0
625,291714.11,353116.05,238210,5,1,1,5,6.8,282376.44,10.3171,11.0964,1,3,9,LLC,9,49.2,0,2,163779.09,165592.77,FL,1
543,886347.33,753439.52,238210,2,4,1,8,8.4,181873.98,8.0348,8.8811,4,5,6,LLC,8,9.9,2,1,98232.63,92092.9,OH,1
618,1837592.84,2057066.14,541511,2,5,1,25,18.2,94399.4,7.2783,8.0039,6,5,5,Sole Proprietor,1,35.7,1,0,43517.54,44928.28,CA,0
560,433314.84,383046.1,531210,5,2,1,0,13.6,295541.65,12.6586,13.8584,2,2,7,LLC,6,30.4,1,3,219247.91,219934.5,TX,1
698,861281.22,964661.29,621111,5,3,0,23,17.8,243116.59,4.5917,4.1961,8,2,5,Corp,4,13.3,1,2,143018.6,142269.5,NC,0
676,910068.27,996314.46,238210,3,5,0,12,18,130301.92,12.9381,13.7448,2,3,7,Corp,3,26.9,0,0,67187.17,68580.63,WA,0
602,1742540.26,1763840.92,722511,1,4,1,19,10.5,170901.37,3.5,3.6269,3,4,5,Corp,6,18.3,0,0,107707.26,111211.04,IL,0
599,1235911.56,1319730.3,621111,3,3,1,16,11.4,114670.66,16.6567,16.3823,6,5,3,Corp,6,16.5,0,2,77055.41,79920.91,OH,1
708,1262184.33,1135575,445110,3,5,0,25,14.5,121280.74,8.4884,9.6749,2,2,4,Sole Proprietor,2,24,0,2,74580.36,65487.46,CA,0
517,240950.25,285393,541511,3,1,1,13,6.4,82805.34,6.4565,6.8476,8,5,8,LLC,7,33.1,1,2,43114.18,39798.1,NY,1
611,2930312.02,3301296.65,531210,5,4,0,34,8.8,214949.66,15.0545,14.1608,7,5,2,Partnership,2,36.1,0,1,188130.33,174293.55,TX,0
688,1765792.95,1608331.84,722511,3,1,1,9,0.5,219699.32,6.5227,7.1014,1,2,3,Partnership,3,16.1,0,2,134214.03,133512.9,TX,0
641,804992.08,705551.1,484110,3,4,0,18,18.3,180140.47,6.7602,6.913,2,5,3,Partnership,4,22.3,1,0,130065.72,113219.08,NC,0
620,1543583.02,1863077.79,445110,4,2,0,7,8,237865.59,8.9435,9.0321,6,5,2,Sole Proprietor,2,48.6,0,2,215794.12,205724.9,GA,0
850,921918.02,905350.65,484110,1,2,1,25,10.6,210265.6,13.6119,12.5492,3,2,8,LLC,6,3.3,1,1,196865.45,168166.49,NC,0
745,2424498.75,2402174.05,722511,4,1,0,13,12.6,154445.19,7.4226,7.8147,3,5,1,LLC,3,25.3,0,1,136240.84,142224.13,NC,0
728,450355.31,458804.51,541511,4,1,0,23,17.5,184660.78,13.6013,13.4414,6,6,4,Partnership,6,42,0,0,138002.19,119195.71,NY,0
606,385653.87,435449.32,238210,1,2,0,16,13,216300.87,10.4298,10.9317,2,6,1,Partnership,5,43.4,2,0,111733.55,105608.96,CA,0
710,788823.79,982951.23,541511,3,2,0,15,8.4,186580.39,8.8623,9.549,6,1,8,Corp,2,33.2,0,1,97352.12,97902.09,AZ,0
701,3771714.77,3237863.27,621111,1,1,0,15,7.3,174691.66,8.3995,7.6717,2,3,6,Partnership,5,11.5,0,4,93069.75,84409.06,GA,1
626,332212.43,287852.64,484110,1,5,0,3,10.7,151586.49,5.8719,5.3634,1,6,6,Partnership,3,38.6,1,1,136665.23,136712.22,CA,0
614,646829.45,806271.52,238210,2,2,0,20,7.1,587550.77,10.7796,10.0356,2,3,5,Partnership,6,37.7,2,3,486514.16,448488.64,AZ,1
558,284912.85,261732.11,621111,1,2,1,13,5.5,72079.93,14.4839,15.1883,6,3,9,Corp,6,22.8,1,2,60644.89,53522.61,OH,1
586,257043.77,256197.37,236220,4,5,0,10,8.1,92865.55,14.8927,16.2342,3,4,3,Corp,6,14.8,1,1,67950.5,67482.84,NC,1
671,581231.43,566085.53,484110,5,5,1,9,10,116722.19,9.0555,8.7373,7,3,7,Sole Proprietor,5,35.2,1,0,76722.5,69448.44,OH,0
710,1690959.26,1548668.61,484110,4,2,1,8,13.4,144250.53,9.9679,10.1851,6,2,8,Sole Proprietor,3,40.2,1,2,116602.65,100842.2,OH,0
569,930309.02,1061005.47,445110,4,5,1,16,1.6,86727.75,13.6097,15.467,4,4,1,Partnership,7,29.3,1,2,42816.95,40585.78,NC,1
724,1794807.75,2159171.06,445110,1,3,1,25,9.3,185798.89,13.1581,14.1689,1,3,8,LLC,4,7.9,0,1,171946.96,177573.47,NY,0
619,1357101.36,1539939.85,484110,1,2,1,0,0.5,309675.93,18.5522,20.6642,8,2,8,LLC,5,38.6,2,1,225534.54,235032.73,TX,1
703,1324604.63,1255242.63,531210,1,5,0,32,14.8,131394.22,10.3359,10.5744,7,2,6,Corp,5,36.8,0,1,80347.23,74157.12,IL,0
609,858928.7,869262.05,621111,6,2,0,32,10.6,226881.04,9.2174,8.8322,7,6,3,LLC,6,48.2,0,2,111001.56,96032.25,AZ,0
799,919315.07,806424.62,621111,4,4,1,1,17.6,69083.72,7.6783,8.6874,8,4,2,Partnership,5,36.6,1,2,45701.46,47839.22,TX,0
726,1348278.81,1466045.36,238210,4,4,1,21,19.9,126153.62,8.9465,8.8933,3,5,1,Sole Proprietor,2,11.8,0,1,90017.95,88664.13,NY,0
696,472862.02,462189.14,236220,4,3,0,14,12.4,364186.04,11.2094,11.5564,4,1,2,Corp,1,35.8,1,2,302787.61,304166.01,FL,0
680,1675476.16,1719052.14,445110,5,2,0,19,7.5,90028.31,11.9476,11.6064,5,2,9,LLC,5,20.4,1,0,59675.21,52241.77,OH,1
696,174964.08,168059.24,541511,3,2,0,14,1.4,266524.24,16.678,17.2865,5,2,6,Partnership,5,44.7,1,0,240531.01,227633.4,NC,1
560,435148.11,472159.2,541511,5,3,1,4,11,122738.5,9.2006,8.6401,4,5,1,Partnership,8,32,1,2,112738.47,116001.76,OH,1
599,478684.34,446156.83,238210,3,5,0,21,9.4,223886.36,11.147,12.0275,1,2,8,Partnership,4,3.1,1,0,114846.2,104085.32,NC,1
624,1449736.38,1540845.8,531210,6,5,1,1,16.2,224033.03,11.47,12.6167,4,6,5,Partnership,7,1,3,0,136466.7,141703.41,NC,0
532,984845.55,888041.52,484110,2,3,0,13,7.5,194486.8,11.8118,11.7632,8,2,6,Corp,6,2.5,2,0,119962.86,125038.09,OH,1
500,198604.87,204462.09,238210,3,1,0,17,9.4,207949.85,10.5989,12.1241,8,6,8,Corp,6,21.3,1,2,135012.13,141503.2,TX,1
705,1627142.48,2011581.48,236220,3,2,1,13,12,201019.32,12.2563,12.4911,8,1,7,LLC,2,26.1,1,1,163355.93,141357.35,FL,0
759,795721.57,990611.32,722511,1,2,1,4,13.7,234633.42,8.3636,8.419,2,1,3,Corp,1,16.2,0,1,125844.36,115964.63,AZ,0
683,554568.97,654163.11,238210,1,5,0,2,16,241065.36,11.425,11.6684,7,1,4,LLC,9,9.1,0,2,154294.97,155138.6,OH,1
784,543510.21,563787.62,484110,5,3,1,14,8.4,162827.31,8.5416,7.8952,7,6,3,Corp,3,8.1,0,3,124728.54,109718.51,IL,0
698,1115839.24,1291100.16,484110,4,4,0,17,17.7,143761.13,5.8777,6.1724,6,4,6,Corp,4,13.4,1,1,75325.66,67339.36,NY,0
575,922581.64,801193.84,541511,3,3,0,2,4.9,285060.01,13.0303,14.1043,7,1,4,Partnership,6,20.5,2,2,248379.81,248777.3,AZ,1
689,1421149.81,1581016.13,236220,6,2,1,1,8,66910.39,9.4421,9.2323,2,2,7,LLC,3,21.8,0,0,56306.67,57007.42,NC,0
662,1156569.59,1024696.27,484110,1,3,1,8,17.2,268501.98,8.4042,8.808,1,6,1,LLC,4,10,0,2,196517.33,192892.49,NC,0
734,508196.46,488210.66,236220,5,1,1,20,6.3,204223.67,6.4328,6.9255,4,5,6,Sole Proprietor,4,18.8,0,1,141899.29,125167.49,IL,0
596,885002.73,848124.82,541511,5,5,1,7,4.8,350647.59,10.9115,11.3167,4,2,6,Sole Proprietor,4,50.5,2,4,281701.26,290464.82,FL,1
590,647208.51,716689.12,621111,5,1,0,0,8.5,86797.5,16.3729,17.4568,7,6,9,Corp,7,23.2,1,4,67680.89,64437.96,NC,1
578,1499198.09,1799874.11,531210,2,3,0,12,3.5,167434.46,12.6808,11.6817,2,5,5,Sole Proprietor,9,28.1,2,3,118104.62,102518.05,IL,1
722,1254997.54,1326895.38,484110,3,3,0,17,15.3,257268.61,8.4901,9.1495,1,3,4,Sole Proprietor,1,27.5,0,1,235791.04,210858.23,AZ,0
593,453475.81,522061.16,236220,2,1,1,5,15.4,163461.53,16.7459,16.2256,8,1,2,Sole Proprietor,8,24.2,1,3,111384.41,110398.4,OH,1
638,466682.07,522713.5,238210,3,4,1,5,12.9,165742,20.5572,18.6999,5,3,6,LLC,6,25.4,1,2,156013.68,137101.59,NC,1
686,1224025.15,1292576.88,484110,1,1,1,18,10.8,77341.02,9.2241,10.286,1,5,3,LLC,2,1.2,2,2,56747.99,49549.68,AZ,0
525,901517.47,846981.64,541511,4,5,1,0,15,125111.6,7.1311,6.6029,1,6,3,Sole Proprietor,6,3.5,1,2,76504.02,68716.65,WA,1
542,1513087.08,1864325.76,621111,5,3,1,5,14,172128.95,14.3788,14.2989,4,4,3,Corp,4,36.9,3,4,132006.9,135815.87,FL,1
761,3591040.86,4242420.32,445110,6,3,1,26,14.9,274839.6,11.3206,12.3008,8,4,2,LLC,4,26.9,0,0,215274.3,200797.55,AZ,0
728,1373992.03,1328736.74,531210,4,2,0,16,17.8,96974.62,17.0101,17.2792,1,3,7,Partnership,6,20.7,0,0,73439.86,74941.03,TX,0
674,447802.73,477626.08,236220,1,4,0,23,18.4,138493.59,6.6884,6.3161,3,2,9,LLC,7,33.8,0,0,83603.56,78063.54,TX,0
500,1168937,1072399.79,238210,4,4,0,1,19.1,62463.48,9.9242,9.9069,3,1,3,Sole Proprietor,4,7.5,0,0,32759.61,28028.57,CA,1
520,298456.73,308100.02,621111,2,4,1,15,3.2,93644.45,9.0096,9.4133,3,4,2,Corp,7,23.9,2,1,63180.11,57143.14,NC,1
627,515081.92,636820.47,238210,6,5,0,12,2.5,148894.21,9.5457,10.3228,7,4,6,Corp,8,24.6,3,3,103889.61,96415.03,NC,1
664,1243986.07,1436591.44,722511,5,3,1,21,6.5,60871.42,9.8567,10.618,3,5,9,LLC,1,26.4,1,3,29811.95,29816.93,CA,1
518,509007.67,483510.62,445110,5,2,0,13,5.2,95742.01,14.9885,15.59,4,4,9,Partnership,7,15.2,0,3,67055.62,64531.16,CA,1
621,2144109.97,2039939.46,484110,5,3,1,12,10.4,160205.48,12.0637,11.681,5,4,3,Sole Proprietor,3,1,1,1,127656.65,115454.71,WA,0
663,2299531.83,2841462.88,621111,3,2,0,10,19,101041.44,7.7109,7.0229,8,1,1,LLC,3,31.5,1,1,85145.51,88086.99,IL,0
639,1195522.55,1385711.1,445110,2,2,0,13,12.7,165411.48,4.8739,4.9203,5,3,1,Partnership,2,26.9,0,1,84646.31,84500.5,IL,0
690,621867.5,655625.24,541511,4,5,0,10,12.3,144862.54,16.5987,18.7161,1,3,4,LLC,9,34.3,2,2,109450.42,102140.68,NY,1
615,587256.36,566628.89,621111,2,4,0,5,4.6,228635.05,8.6465,8.9587,2,5,2,Sole Proprietor,7,34.8,0,1,192540.63,190777.31,NC,1
751,2209076.16,2417053.21,531210,2,4,1,21,17.4,151295.88,12.288,14.0576,7,1,1,Sole Proprietor,3,23.8,0,0,84249.65,81260.12,NY,0
641,553080.45,526287.26,722511,2,1,0,23,9.5,88516.23,3.6937,3.9763,8,5,6,Sole Proprietor,2,19.2,1,2,66494.14,61546.83,CA,1
552,249407.88,278444.18,445110,3,2,0,9,18.1,187235.15,14.6505,16.1861,8,4,5,Corp,7,7.2,1,2,87212.38,76644.98,WA,1
560,1014635.31,1124441.93,722511,5,1,0,6,13.2,97918.46,15.8474,15.986,7,3,5,Sole Proprietor,6,44,1,2,52939.06,50941.29,TX,1
563,631537.63,676420.14,621111,3,5,0,0,10.9,114655.92,13.9914,15.772,7,2,9,Corp,6,35.2,0,0,76774.3,72123.71,AZ,1
709,562857.62,670237.25,722511,2,3,1,17,7.5,183502.91,12.8975,14.4871,6,5,7,Corp,5,25.8,3,3,136006.06,128589.82,FL,1
760,584478.67,729842.01,722511,3,2,1,28,19.7,170765.95,8.7634,8.6893,1,3,5,Partnership,4,11.1,1,1,130436.09,113106.07,CA,0
685,605703.06,580750.09,722511,1,4,1,14,3.8,173302.66,6.8414,6.6507,4,6,7,LLC,2,25.8,1,0,95456.37,89861.31,TX,0
570,435205.67,506917.32,722511,3,3,1,8,21.2,222538.82,6.1253,5.8885,4,5,2,Corp,9,34.7,2,3,172448.38,155909.55,AZ,1
571,323405.66,325450.18,621111,3,3,0,8,7.5,129063.37,6.7194,7.4988,1,5,4,Partnership,5,22.8,2,2,97886.42,98728.38,TX,1
688,501510.76,602655.45,621111,2,4,0,13,0.9,66096.44,12.8776,11.9324,7,4,9,LLC,8,1,0,0,60096.27,60472.4,GA,1
586,746681.49,748635.3,236220,1,3,0,19,4,179838.65,15.7215,16.3243,1,4,9,Partnership,4,36.9,1,2,81422.05,80903.39,OH,1
732,1186204.37,1190407.96,621111,3,4,0,14,5.3,232282.68,9.5273,8.9264,1,1,4,Partnership,5,15.8,0,0,211725.76,222217.97,NY,0
683,3756745.95,4454873.64,531210,1,2,1,12,5.3,97775.52,10.1132,9.5247,4,3,8,LLC,5,27.4,1,0,75897.26,66762.73,TX,0
572,1959581.8,2079367.37,621111,5,3,0,16,2.4,210907.3,13.344,12.277,7,6,1,Corp,6,16.2,0,3,116303.97,119282.03,TX,1
586,1168500.89,1021516.77,238210,5,3,0,8,2.8,99587.49,4.6188,4.5057,2,3,4,LLC,5,27.3,0,0,60378.4,51937.02,IL,1
558,555535.32,473167.23,722511,6,5,0,23,4,194016.99,13.6366,12.6346,7,2,8,Corp,3,30.9,2,0,142114.13,121604.55,WA,1
715,853286.35,1045683.94,621111,5,2,1,8,17.5,107686.64,10.5281,10.6404,1,3,2,LLC,3,31,0,1,60120.01,56189.26,GA,0
618,637931.71,690455.39,484110,3,3,1,17,11.2,192133.18,16.7129,17.4935,1,1,5,Partnership,8,51.5,1,3,130455.07,132980.22,NY,1
515,1892490.72,1737493.06,722511,5,5,1,0,10.3,102369.04,18.6908,16.8962,3,3,9,Corp,4,25.5,2,1,83771.18,72949.46,AZ,1
514,468885.44,451461.45,484110,4,4,0,22,13.3,221295,16.0329,16.5395,6,6,6,Sole Proprietor,5,19.3,0,0,205501.23,178964.04,IL,1
709,1232609.05,1347082.22,445110,3,4,0,10,15.5,161304.82,6.9789,7.0014,1,2,5,Sole Proprietor,1,29.1,1,0,125321.96,116123.31,OH,0
748,2163717.56,2112087.01,621111,5,1,0,9,13.9,100815.77,11.1031,11.8429,8,5,7,Sole Proprietor,4,27.9,0,1,47107.64,47992.28,NY,0
574,680093.51,684550.88,238210,6,3,0,5,19.7,150556.53,8.7386,9.4882,6,1,9,Partnership,6,40.7,1,1,106792.21,107793.74,AZ,1
684,725641.63,839129.46,722511,4,5,0,20,11.6,77387.21,7.5004,8.3978,4,6,5,LLC,4,43.8,1,1,54255.78,55967.53,CA,0
681,1037373.66,885812.45,531210,3,2,0,5,10.8,156178.36,13.9655,13.1296,5,2,6,LLC,3,14.3,0,2,127461.78,118368.19,OH,0
659,504568.21,530152.17,238210,1,1,1,12,10,177179.6,8.7871,8.0778,2,1,7,Corp,3,5.9,1,1,98428.89,98816.4,WA,0
733,513118.24,572125.87,531210,3,4,1,35,10.5,80183.34,11.1745,10.5707,3,1,9,Partnership,1,19.8,2,1,41033.71,39874.47,IL,0
641,562434.13,586648.91,238210,2,2,0,1,0.8,118097.26,14.6105,13.9875,4,2,6,Corp,6,15.3,0,4,105910.85,109668.64,WA,1
645,1402178.82,1631069.62,445110,4,1,1,27,13.1,210285.7,3.5,3.5312,5,4,2,LLC,6,32.1,0,1,109123.51,100533,GA,0
709,424527.31,441746.52,445110,2,1,1,5,15.6,230044.36,12.082,11.1828,4,4,8,LLC,7,8,1,3,139580.52,144489.93,AZ,1
589,1098350.34,1250616.51,484110,2,3,1,8,3.6,222151.45,10.0543,9.5997,7,5,7,Sole Proprietor,7,26.8,1,3,166317.68,162998.38,WA,1
615,190495.89,234868.71,238210,6,4,1,5,11,96604.43,12.1841,11.8013,2,4,4,Partnership,8,15.2,1,0,88805.28,90014.02,NC,1
587,299556.55,268056.43,621111,1,4,0,11,19.8,110706.64,13.6051,15.2637,8,5,1,LLC,5,26.1,0,1,71319.03,62539.58,GA,1
705,1308390.97,1255433.7,236220,6,3,0,30,12.4,130217.83,9.1491,9.9365,4,1,9,LLC,7,7.7,0,1,109284.79,101528.47,FL,0
619,549801.9,539358.32,236220,4,1,0,7,15.8,148195.74,14.0626,14.7747,8,4,7,Corp,6,32.6,0,2,84951.42,75589.04,FL,1
710,3098863.14,3328361.59,445110,4,5,0,17,18,401289.28,9.0428,8.6935,7,4,6,Corp,2,45.2,1,1,272326.72,243523.95,IL,0
591,853941.1,981856.79,621111,5,4,0,6,5.5,100830.37,18.4352,20.3499,5,3,9,Sole Proprietor,5,32.8,1,0,49187.31,49872.38,WA,1
745,2378190.19,2430606.71,541511,2,5,1,25,11.5,169491.9,5.732,6.5071,4,4,8,Corp,5,6.7,0,0,103889.46,94381.62,IL,0
652,1342837.23,1607208.35,236220,2,1,1,14,6.7,242650.26,7.0079,6.3435,4,2,9,LLC,4,25.4,1,2,129556.79,128409.78,NC,0
702,447180.69,451772.87,238210,3,3,1,27,14.7,281308.77,9.6109,10.0047,8,2,1,Sole Proprietor,4,9.2,0,0,229104.05,223213.38,AZ,0
725,1589366.47,1478369.91,541511,5,1,1,17,9.5,133999.22,12.6287,12.4588,5,4,7,Partnership,7,50.4,0,4,89900.89,92504.21,CA,0
623,477364.91,497817.27,484110,4,4,1,13,18.8,186437.31,14.6558,16.5106,1,4,9,Corp,9,25,2,2,152054.91,153788.37,CA,1
725,1095135.83,1006729.2,531210,1,3,1,12,13.2,167870.01,12.3115,11.5752,7,2,1,LLC,4,21.2,0,1,121052.33,126178.99,FL,0
595,487704.1,558259.21,238210,2,5,1,8,7.4,165439.22,13.1945,13.6266,4,6,3,Sole Proprietor,4,35.7,0,0,80774.91,72611.59,GA,1
555,477480.64,493404.86,445110,1,3,1,13,12,199265.98,11.881,11.0688,5,5,7,LLC,6,39.8,1,3,95520.01,89389.51,AZ,1
680,1506155.13,1313950.32,722511,6,5,0,14,19.2,277182.99,8.6224,8.4835,2,2,5,Corp,4,39.5,1,0,242079.33,225317.69,FL,0
663,452574.96,555349.12,445110,6,5,1,15,8.5,293132.46,9.0461,8.4954,8,2,1,Partnership,7,18.5,1,3,243635.37,250377.47,IL,1
500,254974.56,247536.29,236220,5,3,1,3,15.1,174676.86,18.6358,17.5716,4,6,3,Corp,7,49.2,2,2,105133.48,107383.82,OH,1
673,746290.02,699561.78,722511,5,3,1,11,0.5,296585.04,14.7078,13.9618,2,3,5,Partnership,9,38.4,1,2,181765.02,182671.34,OH,1
821,2613565.41,2932314.67,541511,4,5,1,21,9.2,302740.46,6.699,7.2176,7,1,7,LLC,2,27.5,1,0,226131.3,231265.6,OH,0
651,591610.52,559251.06,238210,6,2,0,3,5.2,194093.4,10.8897,9.942,8,2,5,LLC,6,21.1,2,0,147463.55,131686.1,TX,1
663,4919553.98,5627441.42,445110,2,2,0,10,9.7,129412.51,9.8726,11.2771,5,6,5,Sole Proprietor,1,9.3,1,0,72630.29,63665.65,OH,0
760,1777102.77,1740598.97,621111,2,2,1,23,7.7,165632,13.0412,12.5056,1,5,2,LLC,2,7.8,1,0,144011.97,146636.7,GA,0
611,645967.94,625028.36,236220,4,2,0,11,4.5,155368.11,12.149,12.8893,4,5,9,Corp,6,37.2,3,3,99068.78,103426.46,NY,1
685,736487.67,765280.24,484110,2,2,0,31,6.8,321154.12,9.5381,9.8096,8,4,1,Corp,3,30.1,0,0,157928.11,149571.42,CA,0
628,574195.14,492692.61,445110,1,3,0,8,3.7,137170.53,11.875,12.5566,6,4,9,Corp,7,37.2,2,1,62795.35,55971.12,WA,1
701,872030.23,844314.45,621111,1,2,0,4,18.4,218914.45,7.202,7.0158,2,4,5,Corp,2,40.5,0,2,169323.22,159925.25,CA,0
651,4270471.22,5024773.09,236220,4,4,1,8,2.8,136794.59,9.7225,9.9267,6,2,6,LLC,6,19.6,1,1,79881.43,71051.24,GA,0
639,1533004.24,1830210.12,621111,1,5,1,6,11.1,201742.82,8.8886,8.8476,5,6,1,Corp,7,32.4,1,0,190305.04,188931.85,AZ,0
641,1454050.94,1296076.97,484110,1,3,1,13,0.5,146042.17,11.8423,13.2299,6,2,6,Sole Proprietor,4,33.5,1,2,126288.04,111448.97,CA,1
571,1054638.62,956894.22,236220,2,2,0,4,16.1,150591.95,16.1843,14.6745,2,2,5,Corp,6,37.4,1,3,72110.4,62455.47,GA,1
727,571766.46,710824.24,541511,5,1,0,21,18.2,217901.14,12.8407,12.2572,1,1,6,Partnership,3,14.4,1,0,171716.84,176628.84,GA,0
680,714180.84,631083.14,541511,2,5,0,0,13.7,122898.58,13.4038,14.1999,7,4,6,Corp,9,1,1,1,73251.2,69445.03,GA,1
669,2057051.09,1820761.88,621111,5,2,1,23,14.9,76779.74,8.8822,9.6721,4,2,5,LLC,4,15,1,0,58196.58,53394.12,NC,0
561,1822815.89,2102947.63,238210,5,2,0,14,13.8,101039.07,17.2466,19.7774,7,6,6,Partnership,4,32.8,0,2,55469.68,47296.39,NY,1
719,1389746.93,1362718.53,484110,2,3,1,3,9.9,139083.29,15.6212,17.3264,1,1,1,LLC,4,24.1,2,0,62734.76,55858.31,AZ,0
561,675966.68,643458.48,484110,2,4,1,0,3.6,160946.24,11.4496,11.8563,5,5,1,LLC,4,35.8,0,1,144709.65,134288.07,OH,1
682,1947364.13,2105512.46,236220,3,2,1,6,8.2,220779.41,11.0121,10.7013,1,6,3,LLC,3,28.9,2,0,102756.09,104695.45,AZ,0
578,2278703.37,2626272.74,445110,1,1,0,8,15,154683.06,7.7791,7.4052,7,1,5,Corp,5,26.4,2,1,135728.93,127399.77,TX,1
745,1571088.81,1940005.25,445110,1,2,1,23,12.3,92239.67,10.6021,9.5789,7,3,4,Corp,4,34.6,2,1,56947.64,57505.12,AZ,0
635,2058879.51,2432777.64,236220,5,3,1,16,14,282416.86,3.5,3.727,4,5,3,LLC,3,23.4,2,0,210229.82,188455.13,TX,0
653,510462.77,459871.37,236220,3,4,0,0,10.3,492733.18,9.1235,9.4482,1,2,3,Partnership,3,23.4,0,1,391249.29,356706.25,AZ,1
565,256407.16,248320.89,541511,2,4,1,11,7.8,91369.67,16.9506,15.9755,1,4,9,Sole Proprietor,7,24,2,2,78058,75205.42,NY,1
588,309605.74,313736.4,238210,2,2,1,0,5.2,313120.21,6.0325,6.3102,2,2,3,Partnership,4,27.3,1,1,246303.49,227783.74,NC,1
534,593031.9,537331.57,484110,1,1,1,0,4.1,98849.49,16.3405,18.4766,4,5,6,LLC,8,26.9,0,1,63388.07,60716.25,FL,1
586,976526.87,952051.56,722511,2,3,0,19,16.1,157702.01,13.9583,15.0526,3,5,3,Corp,4,25.3,0,3,135815.44,117689.53,IL,1
656,780191.57,928336.99,236220,3,3,1,8,9,96238.37,10.4135,9.5815,5,2,9,LLC,2,27.3,0,1,50969.18,46529.88,OH,0
535,1713279.11,1765911.05,238210,3,2,1,10,6.7,120869.86,17.3697,15.6357,7,4,5,Partnership,5,28.8,0,1,68847.14,67073.06,TX,1
619,875674.98,781588.5,531210,6,3,1,12,6.7,124558.9,7.825,7.8557,5,3,6,Corp,8,20.2,0,3,111178.96,109454.35,CA,1
668,1107953.21,1079606.07,541511,2,5,1,12,7.8,162167.52,9.7278,11.0337,8,5,4,Sole Proprietor,3,34.8,0,1,111052.32,107273.64,OH,0
550,1108714.2,1369600.86,236220,1,1,0,7,4.1,82989.59,9.3866,9.7494,4,6,5,Partnership,6,48.1,2,5,66141.68,67297.45,WA,1
652,670972.54,595095.38,621111,6,2,0,26,20.6,190220.75,5.4348,5.7887,1,4,8,Corp,5,34.6,0,1,93928.7,88311.87,NC,0
689,1922308.11,2228213.35,238210,4,1,1,1,17.3,110888.64,9.2967,10.582,4,3,1,Partnership,4,43.7,1,0,79137.33,73614.16,GA,0
623,424631.62,371717.94,531210,5,5,1,18,0.5,309748.13,11.1421,12.3429,8,1,4,Corp,4,32.7,0,2,231086.56,204760.77,NY,1
605,270141.96,262618.94,722511,4,1,1,4,13.9,111335.62,18.2551,18.0456,1,4,7,Partnership,4,13.3,1,2,63034.7,53948.33,TX,1
627,536949.67,526269.48,621111,4,1,0,0,11.7,43719.73,13.1439,12.4843,6,5,5,LLC,6,11.1,1,2,35636.47,37049.64,CA,1
649,1748427.41,1807849.63,621111,2,2,0,21,0.5,78924.36,12.5357,12.726,5,4,9,Corp,6,60.3,1,2,37693.77,38272.65,CA,1
603,3124039.08,3328178.02,621111,6,5,0,3,15.1,91912.02,9.2087,10.3193,7,1,9,LLC,5,27.3,2,4,69884.2,71034.9,IL,1
673,1088346.49,1151188.91,238210,3,5,1,29,17.2,200378.95,6.1721,6.9729,1,5,3,Sole Proprietor,4,29.6,0,0,129890.84,111399.96,FL,0
635,629753.88,723887.39,722511,6,4,1,12,20.3,68876.79,12.6103,14.3385,5,4,1,Corp,6,12.9,1,1,45681.9,44499.1,NY,0
704,1985488.03,2290245.43,484110,6,5,0,10,9.4,171016.3,8.7339,9.7636,4,2,9,Corp,5,9.6,0,0,95949.33,98610.61,OH,0
694,527611.99,450905.51,541511,2,5,1,17,14.8,75613.59,9.8659,8.8877,1,6,1,Corp,5,17.8,0,2,39554.69,40292.11,AZ,0
663,584012.47,689846.5,236220,3,3,1,14,8.4,114389.7,19.5417,19.9932,6,3,7,Partnership,9,57.8,0,3,93156.75,85825.53,FL,1
744,283543.28,338076.33,531210,5,5,0,23,10.5,91494.25,14.0233,14.7391,8,2,8,LLC,1,17.5,1,1,60461.59,53750.97,IL,0
701,1484439.66,1330772.94,621111,3,1,0,20,14.3,115836.51,8.2049,7.8579,4,2,1,Sole Proprietor,4,14.5,1,0,58631.45,56060.51,CA,0
752,731265.84,896680.42,484110,5,4,1,7,18.5,136711.13,10.4665,11.4383,3,1,5,Partnership,2,20.1,0,1,93854.78,97958.73,AZ,0
674,1851414.46,1901364.5,445110,2,4,0,29,13,153147.82,8.6722,9.4479,6,5,6,LLC,5,24.6,1,1,85099.14,76874.81,IL,0
626,722257.91,871186.27,621111,5,3,1,12,5,117113.25,11.4432,11.5864,4,1,1,Sole Proprietor,2,40.5,1,1,58775.93,55000.07,AZ,1
516,1779912.13,1790082.09,531210,5,2,0,18,7,191232.12,7.6227,8.4308,1,3,7,Sole Proprietor,3,16.5,1,0,102816.88,90964.95,NC,0
671,557636.95,688200.3,445110,6,2,1,25,7,122509.92,3.5,3.6013,1,3,2,Corp,1,1,2,2,65298.8,61427.39,GA,0
588,932516.11,979937.46,621111,3,1,1,6,16.6,184843.71,18.3589,20.42,5,5,3,Corp,7,25.1,1,2,119063.26,110556.23,CA,1
609,577520.9,548395.81,236220,1,4,1,16,9.6,70810.73,13.355,12.1125,8,2,1,Corp,4,24.3,0,2,58075.08,57295.8,FL,0
618,719910.82,681607.91,541511,5,5,0,21,5.4,114477.46,17.6955,19.5844,5,1,9,Corp,5,22.6,0,0,94183.17,84540.58,FL,0
770,1268335.76,1353199.05,722511,4,5,0,12,11.1,110770.76,13.4454,14.8993,8,5,1,Sole Proprietor,3,22,1,0,66902.58,61834.68,NY,0
673,1141965.88,1290121.21,541511,2,5,0,34,14.9,135113.3,9.2476,8.7488,6,4,4,Partnership,3,20.5,2,1,115390.32,118710.62,OH,0
523,978103.56,1114966.4,484110,4,5,0,14,12.4,245744.93,8.7039,8.9085,8,4,3,Sole Proprietor,9,21.3,1,2,178102.86,156731.92,IL,1
534,432936.79,475390,236220,4,3,1,6,3.5,285287.34,9.7907,8.852,6,1,9,Sole Proprietor,5,28.4,1,2,258674.83,266563.9,AZ,1
600,1471755.82,1358204.26,541511,4,4,1,19,12.8,100771.74,8.0157,7.5296,1,6,4,Corp,2,11.4,0,1,69172.49,71987.56,GA,0
749,731463.9,742429.64,484110,4,5,1,10,14.3,199161.7,15.7196,16.2729,7,6,9,Sole Proprietor,4,13.3,2,0,119193.59,119020.64,TX,0
639,3233407.29,3325100.94,531210,3,3,0,20,16,189734.92,3.5,3.89,6,4,4,LLC,5,18.5,0,1,106267.1,90476.64,WA,0
687,446808.96,500350.89,236220,5,1,0,17,13.9,87990.3,9.5166,9.6006,1,5,8,LLC,5,40.3,0,1,74796.28,78091.27,WA,0
610,947376.28,1045646.18,445110,1,1,1,15,15.5,130581.2,14.6166,13.7139,4,5,1,Corp,1,41.5,1,2,69991.31,66362.74,AZ,1
604,439396.33,522597.03,445110,2,3,0,10,9,60567.07,14.3625,16.0408,1,4,3,LLC,9,41.6,0,2,50964.32,45469.7,GA,1
664,414032.62,396953.42,541511,2,2,1,15,16,196405.82,14.7135,14.6613,8,3,5,Partnership,5,35.1,1,1,114440.31,103599.92,FL,1
580,1067368.7,1089951.78,722511,2,1,0,0,12.2,127057.07,13.0205,14.3017,3,3,3,Corp,8,46.6,2,2,80909.37,70939.54,GA,1
544,262589.96,266473.64,445110,3,3,1,10,18.2,227314.18,8.513,9.3895,2,2,9,LLC,6,6.9,2,3,110338.36,100783.97,OH,1
685,1292615.83,1253222.33,621111,6,2,0,11,9,206332.52,13.0788,14.1585,3,2,1,Partnership,4,29.3,4,0,115263.95,120368.44,AZ,0
804,1636816.38,1703675.82,541511,6,2,0,15,7.8,52736.69,10.6458,11.0273,7,1,1,Partnership,5,36,1,1,29816.26,26502.03,GA,0
679,651526.77,713722.3,445110,5,2,0,22,13.4,102941.66,10,9.8466,5,6,3,LLC,2,20.9,2,4,95876.54,93640.28,GA,0
793,2356032.45,2407729.87,531210,1,4,1,18,10.4,134306.62,9.4852,10.7434,3,3,1,Corp,4,37.1,1,0,73537.27,76855.3,NY,0
595,829653.01,947268.09,238210,5,1,1,9,13,277382.38,9.6446,10.7208,6,1,9,LLC,4,29,0,3,204551.35,209171.19,IL,1
655,920470.61,800797.88,484110,1,3,1,13,16.6,134120.33,13.0435,12.0979,7,6,7,Partnership,1,24.1,0,2,102906.37,94896.53,TX,0
576,1044010.47,1263799.54,238210,5,2,1,9,0.5,97944.56,13.3556,14.7429,6,3,7,Corp,7,44.7,0,1,86403.24,73988.23,NY,1
615,1767643.93,1554191.62,722511,3,1,1,0,13,214967.76,10.8407,10.8262,1,1,2,Sole Proprietor,6,32.5,0,0,135918.4,141188.45,WA,1
648,525475.53,510960.43,238210,2,5,0,21,7,134054.61,11.5897,12.323,4,1,5,Corp,7,19.5,1,1,89656.52,86336.15,NY,1
681,237343.71,221217.84,722511,1,1,1,6,10.3,132802.28,14.4841,15.3425,3,4,5,Corp,7,12.5,0,1,67655.4,66457.99,CA,1
566,287573.41,358342.19,722511,1,1,0,21,12,146959.25,7.6604,7.0427,7,6,5,Corp,7,25.4,1,1,73629.74,67579.44,IL,1
623,3992714.46,4223712.09,238210,5,2,1,12,10.3,169805.97,14.4655,15.8375,1,6,4,LLC,6,18.4,0,2,159119.79,136924.42,OH,0
601,771044.93,661315,531210,2,3,0,29,6.5,124110.04,17.1807,17.8278,7,3,7,Partnership,4,16.1,2,2,105095.26,98774.69,NC,1
612,646881.18,719150.84,621111,2,4,1,0,11,296176.07,14.3017,13.1923,4,1,9,Partnership,6,7.4,1,3,192208.93,192588.87,TX,1
723,703281.52,828222.4,722511,1,2,0,17,14.2,159871.18,3.5,3.4367,3,5,7,LLC,3,27.5,0,1,146478.31,146901.28,AZ,0
537,589963.75,546354.76,722511,5,5,0,14,15.4,159165.47,9.81,9.8435,4,4,8,Sole Proprietor,6,26.5,1,2,84293,87864.72,WA,1
577,556477.32,585109.84,621111,4,2,1,28,8.5,124289.74,13.1486,12.8674,7,4,8,Corp,7,35,0,3,87794.5,87561.07,IL,1
630,236361.12,238948.89,531210,5,4,0,9,5.3,132336.28,11.7466,12.4883,8,6,2,Sole Proprietor,9,41.8,3,0,89013.14,81613.64,NY,1
609,542703.78,644550.76,541511,6,5,0,0,3.6,64278.09,14.1176,13.6541,2,2,6,Corp,6,14.3,2,0,41919.35,39419.46,GA,1
611,527493.38,638500.21,236220,1,4,0,3,2.3,229691.32,14.1986,15.3393,1,4,7,Partnership,7,22.7,2,3,118162.1,116718.09,NC,1
667,663176.48,807459.73,238210,5,5,1,13,0.5,90289.78,12.0963,11.4074,5,1,5,Sole Proprietor,8,44.8,1,5,83927.66,83210.37,WA,1
676,1110841.21,1250778.41,445110,1,1,0,12,15.6,317508.64,9.4247,9.893,5,4,7,Sole Proprietor,3,34.4,3,2,253870.69,255498.14,AZ,0
759,744641.35,908059.56,445110,2,5,0,20,15,181793.75,10.4008,9.4183,2,2,2,Corp,6,20.4,0,1,157829.86,159656.2,NC,0
674,1105465.47,1008255.67,238210,2,4,1,6,17.5,140311.44,8.5088,8.7905,6,6,4,Sole Proprietor,4,30.1,0,0,98994.4,101230.01,WA,0
741,2622858.6,2402416.12,445110,2,5,0,18,5.4,358227.88,8.2455,8.3425,3,2,5,LLC,1,24.1,1,2,248338.69,247809.02,GA,0
598,443031.92,423168.86,722511,1,5,1,8,1.8,122064.21,12.9516,14.227,6,1,4,Partnership,6,36.1,2,3,58619.11,60153.13,CA,1
614,734213.16,720640.67,722511,2,3,0,7,14.3,152127.09,14.3876,15.0934,1,2,3,Sole Proprietor,4,21.7,2,2,143349.91,128954.76,TX,1
653,420901.6,455938.61,236220,5,4,1,9,3.2,63517.9,12.2949,12.0021,8,2,8,Corp,5,10.9,3,2,41002.04,40514.07,FL,1
652,1530812.94,1303731.38,484110,5,2,0,10,13.3,96108.07,12.444,13.907,1,6,9,Partnership,2,36.8,0,3,80682.67,78604.21,NC,0
643,214398.25,194908.65,238210,6,2,0,0,3.9,435853.77,7.5461,7.9784,1,1,1,Partnership,5,29.9,2,4,256072.27,252204.12,TX,1
678,1532121.89,1874464.69,621111,1,1,1,14,9.6,462661.2,12.696,11.6453,1,2,7,Sole Proprietor,3,13.8,1,2,429927.81,384169.12,WA,1
672,1084783.67,1140867.14,484110,2,4,0,15,12.1,137553.08,7.6334,7.8236,1,3,4,Sole Proprietor,3,22.5,0,2,108081.19,110722.75,CA,0
562,916862.24,944766.13,238210,2,3,0,11,3.4,113360.44,12.2665,12.8131,5,1,4,Sole Proprietor,6,32.5,1,3,102752.66,95561.79,NY,1
610,1786388.77,2061304.88,484110,1,2,1,13,7.3,159831.69,12.309,11.4888,1,4,1,LLC,2,3.3,1,1,74358.81,70880.33,NY,0
571,1195649.39,1488366.08,445110,4,3,0,15,12.4,137021.78,10.5793,11.5436,2,6,6,Partnership,5,30.2,1,1,93798.91,84682.97,WA,0
613,920235.86,914567.1,621111,3,4,0,9,16.3,328046.98,10.3875,10.1527,1,4,6,Partnership,5,30.1,1,1,232608.6,232361.04,OH,0
666,753039.13,747298.07,621111,4,2,0,16,10.9,93969.39,11.9487,13.6477,2,2,5,Corp,6,43.1,0,1,72982.2,73174,NY,0
719,920722.75,1099906.46,531210,1,3,1,23,11.8,157166.97,11.4079,11.007,4,1,3,Partnership,1,30,0,1,145099.79,135172.62,NY,0
620,1120589.13,1038808.34,531210,5,4,1,17,17.3,125831.56,7.7922,7.137,6,5,4,LLC,3,41.7,0,2,98701.12,83995.88,GA,0
656,237409.13,283388.49,531210,2,5,0,15,7.2,132485.26,15.744,15.3868,2,4,2,Sole Proprietor,6,44.6,2,2,109689.7,100915.47,FL,1
625,2719836.56,2947983.77,484110,5,3,0,19,0.5,216241.2,10.3465,9.9386,3,1,7,Corp,9,25.9,1,3,186742.03,169101.88,WA,1
812,2048983.37,2547019.67,238210,2,5,0,6,10.4,143202.1,4.0909,4.067,6,5,8,Sole Proprietor,3,9.8,0,1,115729.23,102156.15,IL,0
603,1864128.3,1830040.1,722511,1,3,0,5,7.9,102378.99,5.104,5.237,4,5,7,LLC,7,29.4,1,0,55210.14,53592.31,GA,1
622,1004892.16,1187187.22,445110,4,5,0,11,14.8,203121.98,7.6548,7.5135,5,5,6,Sole Proprietor,5,24,2,1,97250.31,90399.7,OH,0
696,1099434.49,1101750.91,722511,6,4,0,29,10.4,111688.72,8.484,8.1827,8,3,5,Partnership,3,31.1,2,1,69828.13,71587.21,OH,0
677,1086857.62,986642.95,238210,6,3,1,22,12.1,154653.79,5.2098,5.0499,1,4,3,LLC,2,25.5,1,1,85180.32,82168.86,NC,0
532,933909.63,1060956.15,531210,6,5,1,13,1.3,111060.94,10.1269,9.6349,2,4,6,Sole Proprietor,6,12.6,3,1,105188.97,96014.57,NC,1
574,306752.84,306983.73,484110,6,1,1,9,6.1,55092.38,14.9675,16.9478,6,6,5,Partnership,6,51.8,1,2,35507.88,31060.85,IL,1
602,584347.79,555986.94,236220,4,1,1,0,13.3,101412.42,8.7115,8.7032,5,5,7,Partnership,6,40.3,2,0,46556.44,45119.84,WA,1
630,1502470.43,1428189.27,236220,2,5,0,19,6.9,402567.32,9.6024,11.0426,8,1,2,Corp,6,34.1,1,1,307960.38,285090.23,OH,0
712,850167.17,1042496.2,541511,6,2,0,23,19.9,104050.37,10.7489,11.624,4,2,8,LLC,5,23.9,1,2,52813.68,51041.75,TX,0
694,988127.21,914562.09,621111,4,2,0,17,16.1,373012.37,8.1216,7.4235,1,4,5,Sole Proprietor,5,39.4,2,0,282672.8,268405.64,NC,0
646,2984725.97,2961542.69,236220,5,4,1,10,25.5,59665.82,8.4307,7.6444,7,3,9,LLC,3,37.8,1,0,35908.5,32089.51,IL,0
601,342392.32,369236.64,621111,4,5,1,1,11.4,203744.88,7.7943,7.2805,4,6,7,Partnership,3,41.1,0,1,178575.05,175721.91,IL,1
697,979971.16,1169901.64,484110,3,1,0,13,8.6,159476.03,12.4643,13.8836,3,6,4,Corp,9,27.2,0,2,111825.63,116771.34,AZ,1
591,860978.41,835152.43,541511,2,3,1,16,10.1,83611.66,14.606,14.1226,5,2,1,LLC,8,26.7,1,2,65835.7,62451.76,CA,1
629,381503.94,396900.36,722511,4,5,0,14,14.2,214105.97,12.0636,11.4487,6,4,4,Corp,3,57.7,1,1,177316.76,153083.73,IL,0
624,493911.71,544327.35,238210,6,3,1,12,10.6,62521.34,13.4937,12.1531,8,6,6,Partnership,5,24.7,2,1,49495.96,49804.07,TX,1
729,1067580.81,1293666.47,722511,2,1,0,9,3.5,251572.93,18.139,18.4125,6,3,9,Sole Proprietor,5,38.7,1,2,115893.05,116029.65,IL,1
528,583110.83,540130.23,531210,4,1,0,13,9.6,110543.58,16.0866,16.1713,6,1,1,LLC,5,40.3,1,3,86480.47,74089.72,IL,1
686,1612491.27,1697121.71,541511,4,4,0,10,12.7,96422.16,7.0755,7.1512,3,5,6,LLC,5,32.5,2,0,47587.04,47178.76,OH,0
723,2128268.99,1975800.97,238210,5,2,1,12,5.8,65411,8.5246,9.3577,3,4,9,Corp,4,1,0,3,48440.9,49905.27,FL,0
625,299492.59,374294.93,445110,5,2,0,0,3.4,243024.36,16.7289,15.3148,1,2,1,Corp,9,27.2,1,3,112578.5,116912.98,AZ,1
585,1621574.87,1699952.99,722511,2,1,1,16,13.5,188499.87,15.2263,13.9436,4,4,8,Partnership,7,20.5,2,3,121066.14,119786.91,CA,1
522,344482.14,369312.68,541511,3,1,1,11,7,171727.41,15.1682,16.3541,7,1,2,Sole Proprietor,5,23.3,1,2,137020.91,118981.24,GA,1
649,1256790.36,1525370.96,236220,1,5,1,13,12.7,182984.14,7.1421,7.458,3,3,7,Corp,3,27.1,0,1,149259.21,128016.02,OH,0
679,506666.64,491252.55,621111,4,3,1,19,16.1,108030.3,12.6124,12.2177,4,4,8,Sole Proprietor,6,58.6,0,2,61450.79,62713.98,TX,1
712,342654.66,345102.47,531210,6,4,0,10,11.3,134426.39,17.4947,18.3356,6,2,5,LLC,4,46.9,0,2,105660.7,104353.16,CA,1
531,379265.65,452388.48,238210,5,4,0,0,7.2,110161.99,17.9146,20.1315,7,6,3,LLC,7,13.7,2,2,76893.33,70517.05,AZ,1
643,2058956.33,2160776.93,531210,1,5,1,20,9.1,196026.17,4.4608,4.2232,1,5,8,Sole Proprietor,4,28.9,2,2,160423.14,159964.73,AZ,0
566,1221034.27,1123257.45,722511,2,4,0,9,2.9,85231.94,11.3895,12.9344,4,4,7,LLC,3,38.4,0,3,51659.68,53927.12,NY,1
716,3468728.19,3128272.24,541511,5,5,1,1,7.2,135396.39,7.683,8.0777,2,2,8,Sole Proprietor,5,13.7,3,0,64663.83,67480.25,NY,0
707,579368.74,513059.12,541511,4,5,1,12,12.6,148843.88,12.1237,11.825,3,4,2,Partnership,8,24,2,1,114110.19,109602.04,NC,1
724,3416966.38,3126212.98,484110,4,4,1,21,14.6,219814.39,12.0822,10.9592,4,1,1,Partnership,6,15.7,1,1,199283.87,190973.97,FL,0
591,637415.43,725188.29,621111,5,2,0,21,7.8,42194.06,14.6827,14.5903,7,5,3,LLC,5,41.3,1,0,20271.01,19887.3,WA,1
731,1358134.02,1412806.25,621111,6,3,1,5,10.3,258007.15,10.6553,12.0174,5,2,3,LLC,4,27,0,2,163026.7,146356.85,CA,0
696,1301498.64,1575411.51,621111,5,2,0,16,10.9,156832.98,10.9523,10.9732,3,1,3,Corp,2,6.6,0,2,73346.67,72801.17,NC,0
664,1035630.93,1124726.63,445110,1,3,1,20,2.9,67102.72,18.8723,17.7932,5,1,6,LLC,7,28.4,0,2,56454.33,56963.71,AZ,1
700,1136414.52,1151405.28,238210,5,3,1,20,15.4,178408.89,4.9189,5.298,8,6,7,Partnership,4,35.2,1,1,85106.54,74250.39,GA,0
751,1231664.59,1477940.69,445110,6,2,0,17,8,120078.69,3.5,3.4496,3,3,2,LLC,1,56.3,0,2,89204.95,82549.87,NC,0
644,721282.09,777263.54,722511,1,1,0,14,6.1,86727.78,13.0119,13.6098,7,1,5,Corp,5,10.7,1,2,66421.38,61373.87,CA,1
716,689200.81,795134.77,531210,6,2,0,17,8.9,134612.51,10.8262,11.1045,4,5,3,LLC,5,12,2,0,123678.81,120753.05,NY,0
609,2073542.58,2329232.46,484110,1,3,0,0,8.5,221689.95,15.4676,14.889,6,1,7,Sole Proprietor,5,15.1,0,0,127721.21,127100.7,WA,1
675,286905.79,246781.78,484110,3,4,0,11,13.2,174693.77,3.5926,3.7134,4,6,4,Corp,5,26.3,1,0,94365.84,96410.15,CA,0
577,285253.69,325513.63,445110,6,2,1,11,7.7,128238.87,7.0973,7.2059,3,2,4,LLC,7,47,1,1,121316.66,127368.47,CA,1
647,1498556.24,1754843.59,236220,2,5,0,12,14.9,174424.86,6.2343,6.6582,4,4,7,Partnership,1,23.8,0,0,88819.91,82253.56,OH,0
651,465699.49,399492.44,484110,5,5,0,8,7.7,208732.91,8.8507,8.1961,8,5,3,Sole Proprietor,9,52.9,1,3,169130.84,150949.69,AZ,1
556,360658.97,312197.18,541511,2,5,1,9,14.1,140026.84,7.9972,8.5941,2,1,7,Corp,3,18.3,2,0,114362.06,113890.3,NY,0
689,852449.29,836769.68,621111,2,1,1,36,21.1,39439.15,7.6946,7.3921,4,1,9,Sole Proprietor,5,32,0,0,33128.41,30303.42,NC,0
632,622158.12,629413.61,722511,4,4,0,4,0.5,106293.85,13.3573,15.234,4,2,7,Corp,8,25.4,1,1,68897.54,67364.65,OH,1
677,352084.93,359263.38,531210,2,4,0,13,8.5,179015.46,9.7065,9.7495,5,3,3,Corp,6,30.6,2,2,118606.93,121676.76,AZ,1
757,752846.33,679349.44,621111,2,5,1,22,18.7,164596.82,6.6971,6.5175,3,5,9,Corp,3,29.3,1,0,102454.04,90781.49,OH,0
685,1137357.27,1358393.92,238210,6,3,0,19,7.1,179695.14,6.5516,7.4096,7,2,9,LLC,1,37.8,1,1,161911.97,139537.04,OH,0
563,1135917.34,1022148.52,621111,4,1,0,11,11.2,91080.76,16.5686,17.9364,2,3,9,Sole Proprietor,7,28.4,2,3,42122.47,40111.29,WA,1
722,1396113.07,1445477.74,238210,6,4,0,10,12,215594.59,6.2435,6.2541,4,1,2,Corp,5,42.4,1,1,163089.66,161059.31,GA,0
710,1173136.4,1337350.91,722511,2,2,0,1,11.8,73080.32,8.8595,9.4221,7,1,4,Sole Proprietor,1,28.8,0,0,37076.19,37137.63,AZ,0
627,490641.81,498655.55,531210,4,3,1,8,0.5,97932.62,18.7397,17.1493,6,5,5,Corp,9,8.7,0,2,73347.77,75056.21,CA,1
526,842123.83,818019.86,445110,6,5,0,12,4.9,107913.15,14.5645,14.4341,2,3,8,Sole Proprietor,9,39.8,0,1,89299.55,76568.31,TX,1
750,1143779.34,1106745.45,722511,3,2,1,17,21.1,413968.96,12.5214,11.7609,8,6,1,Sole Proprietor,1,21.3,0,1,356522.72,355667.38,IL,0
655,667958.12,799981.26,722511,4,1,1,0,3.5,98243.34,9.5942,8.9298,5,2,7,LLC,4,36.3,1,2,56244.24,54252.94,TX,1
617,1099502.27,987209.47,484110,3,2,0,20,11.8,240023.32,15.1223,14.3162,2,4,5,LLC,4,44.7,0,2,185401.64,169543.2,AZ,1
659,507935.28,558292.17,238210,2,4,0,0,11.1,109176.45,12.4103,13.3035,3,2,5,Partnership,7,12.4,0,2,65814.98,58769.12,AZ,1
688,1307754.53,1453367.81,445110,3,5,1,32,7.7,148042.48,5.8849,6.215,3,4,2,LLC,6,20,0,1,136389.08,128301.16,WA,0
620,1171243.81,1418950.75,621111,5,3,1,14,15,306045.55,12.9068,13.6623,6,2,7,Corp,4,34.8,1,0,214600.56,199529.27,WA,0
605,1396185.82,1709588.73,531210,6,1,0,13,11,93161.35,8.697,7.9341,2,3,2,Sole Proprietor,7,25.8,3,1,51509.83,53835.36,CA,1
655,812596.96,966178.13,484110,2,3,0,4,6.4,133256.34,12.3575,12.9503,6,3,4,LLC,6,14.4,1,2,113147.76,97384.18,NY,1
658,831395.69,844507.56,621111,4,2,0,9,13.5,143168.77,12.8306,11.882,3,3,4,Sole Proprietor,6,36.1,1,1,131682.69,129335.27,TX,1
793,1586703,1487938.71,531210,1,3,0,17,5.8,76166.01,8.4734,8.0201,3,1,2,Partnership,7,9.1,0,0,46742.68,43052.05,GA,0
827,654406.42,696611.19,236220,3,4,0,7,16.8,427585.79,11.3204,11.2294,5,4,2,Corp,4,26.8,1,1,229243.4,207018.23,NC,0
578,297277.33,258251.35,621111,4,3,0,7,9,57228.88,13.0118,14.8627,8,5,2,Partnership,6,30.4,2,2,33950.38,33073.53,WA,1
514,299114.55,364369.44,445110,3,5,0,9,9.8,196739.32,12.5417,11.7922,4,5,3,Partnership,9,38.2,0,0,181115.63,165683.83,NC,1
664,594608.55,632815.15,541511,2,1,0,18,11.7,180488.42,3.5,3.9837,5,4,5,Corp,1,17.5,0,0,162006.02,162107.3,NY,0
618,565445.99,612351.36,236220,6,5,0,6,10.3,47114.41,4.2476,3.8724,6,6,6,LLC,7,25,1,0,24133.54,20581,AZ,1
741,370488.84,368397.79,541511,6,3,1,0,0.5,96412.54,9.9664,10.9357,6,5,9,Partnership,6,46.2,0,3,79211.39,79761.36,NY,1
679,1123936.88,1227926.29,621111,6,5,0,15,20.6,135273.05,3.5,3.2735,2,6,6,LLC,1,42.4,0,0,67783.09,70606.93,NY,0
634,645416.06,674360.5,541511,1,2,0,20,6.2,49354.24,13.1914,13.6124,2,1,1,Sole Proprietor,4,33.8,1,2,39036.64,40790.09,OH,1
547,497377.9,456892.68,621111,2,1,0,4,7,124016.93,11.7535,11.3541,4,6,6,Corp,6,22.4,1,2,85043.66,73708.43,IL,1
753,566368.74,517483.13,722511,3,3,0,23,11.9,220442.52,12.5244,14.3636,1,6,5,Partnership,1,10.7,2,0,151838.46,141151.45,CA,0
660,460971.68,554764.56,484110,5,3,1,10,13.5,100000.81,11.5921,10.641,7,3,7,Sole Proprietor,6,28.9,2,1,91573.23,92995.19,NC,1
705,863200.85,1044474.54,238210,1,3,0,16,1.4,337446.84,7.4714,7.9722,7,3,2,LLC,3,1,0,1,155754.11,136939.6,NY,0
652,412015.17,415768.58,445110,5,4,0,7,14,330286.3,18.5726,21.159,8,6,4,Partnership,4,23.1,1,0,260574.8,227154.37,NY,1
641,1084355.8,1206852.81,531210,6,2,1,17,11.7,131204.91,10.3893,10.6102,8,3,5,Partnership,1,30.1,1,1,121249.35,115080.17,NC,0
611,356925.61,323344.27,484110,3,4,0,8,10.4,127620.58,15.6782,16.1559,4,2,3,Corp,4,30.9,1,1,67172.46,66333.26,CA,1
646,1165746.17,1415123.54,445110,6,4,1,20,12.1,221578.89,11.0626,10.0313,6,3,9,Corp,1,49.6,1,2,189019.78,184751.77,CA,0
570,503016.63,588605.03,621111,1,4,0,0,15.4,140267.98,9.7452,9.0083,4,6,1,Sole Proprietor,7,44.1,1,2,88613.25,88527.93,CA,1
624,1558129.22,1613712.36,531210,5,5,0,17,11.3,134852.48,3.5,3.3204,3,4,3,Sole Proprietor,5,52.8,0,1,122429.01,123274.71,NC,0
760,1196724.14,1216535.61,236220,6,1,0,21,2.8,243279.68,8.0222,9.1037,4,4,6,LLC,5,13.3,1,0,109678.32,113589.72,OH,0
551,445302.51,425314.65,236220,5,4,1,8,8.4,97909.02,11.2238,12.46,4,6,7,Corp,5,30.8,2,0,50288.64,51156.52,AZ,1
604,459089.14,515195.22,541511,6,5,0,22,0.5,293738.12,11.8775,12.6004,7,4,6,LLC,9,28.5,1,2,215052.07,191547.49,OH,1
788,1266222.8,1096237.59,541511,6,3,0,8,11.6,75561.73,7.2434,7.1244,6,6,5,Sole Proprietor,2,16.5,1,0,46293.36,47770.28,GA,0
752,1938767.6,2162002.88,722511,1,1,1,26,17.8,175060.23,8.4583,8.6691,6,5,5,Sole Proprietor,8,31.2,0,1,92412.85,92170.91,CA,0
569,734106.8,802850.95,236220,2,5,1,13,6.8,324931.69,11.2531,10.8642,7,6,7,Corp,3,32.9,0,3,285521.86,297872.56,AZ,0
601,991271.1,855073.1,722511,6,3,0,5,0.6,180107.53,15.3804,15.0061,2,4,5,Partnership,6,36.1,2,2,119155.51,120650.83,OH,1
671,1431924.26,1403499.97,531210,5,5,0,29,7.5,55978.78,15.3386,14.1158,5,5,5,LLC,4,25.9,0,1,52097.44,45467.49,CA,0
503,662867.95,699070.76,722511,2,5,1,8,14.3,252070.52,11.5362,11.4165,3,5,1,Corp,7,41,1,2,166523.91,157821.52,IL,1
580,714623.87,682934.78,236220,4,4,0,9,9.6,139735.64,10.7951,11.813,7,5,8,LLC,9,29.4,2,2,130036.06,113256.15,NY,1
692,1278860.38,1570174.98,531210,2,5,1,11,7.6,230081,8.7895,8.1924,6,6,2,LLC,7,20,2,2,163171.22,141848.83,IL,1
741,802264.04,833496.75,238210,6,2,1,14,8.1,215373.08,8.9946,9.8269,7,2,5,LLC,1,21.2,0,2,102027.74,97155.04,NC,0
675,910935.98,789622.04,531210,5,2,0,24,11.2,234970.24,11.1286,12.3762,5,5,9,LLC,5,13.6,2,2,129218.55,135576.67,GA,0
688,471803.35,496101.33,541511,4,1,1,5,9.7,85483.1,10.9355,11.6175,6,6,4,LLC,4,24.7,0,2,69152.95,61501.86,CA,1
553,555470.06,617000.81,238210,6,2,1,0,5.4,172439.63,7.378,7.0973,4,2,3,Sole Proprietor,5,17.5,0,3,123360.69,119808.29,WA,1
638,758121.05,753668.02,445110,5,4,0,23,5.9,89797.93,7.0207,7.9155,7,1,4,Corp,1,28.1,1,2,69692.45,64794.06,WA,0
694,846875.25,1052265.45,531210,5,2,1,2,12.5,179597.58,10.3077,11.499,5,1,1,LLC,4,15.4,0,1,126898.41,119233.52,OH,0
524,256773.9,299524.44,238210,4,5,0,9,9.4,254537.17,12.6004,13.8707,8,4,2,LLC,7,30.3,1,1,226590.51,225313.17,FL,1
701,432445.27,415172.33,621111,4,2,0,11,11,267901.47,13.6901,13.2128,5,5,8,LLC,6,2.5,2,1,213000.75,182955.01,CA,0
585,928685.84,1062942.96,621111,4,1,0,18,10.7,176327.51,8.8248,9.9534,5,1,8,LLC,4,25.2,1,2,158651.16,157744.26,CA,0
634,407298.38,395724.63,445110,6,2,1,12,5.1,175836.63,9.0512,8.2467,4,6,2,LLC,8,46.7,2,1,120399.31,119957.39,FL,1
537,234762.61,236946.06,236220,2,5,1,10,8.9,144451.34,11.2944,10.4335,3,5,1,Sole Proprietor,9,15.3,0,2,76013.91,68540.16,OH,1
633,385519.37,400687.4,445110,2,2,0,11,0.5,128731.88,18.8394,18.5231,4,4,3,Partnership,5,24.7,2,3,93296.36,81100.53,AZ,1
661,1256203.32,1160847.11,238210,3,5,1,13,13.8,233840.25,10.1887,9.3607,1,4,1,LLC,5,12.3,3,1,137262.93,127906.44,TX,0
608,653290.56,617578.7,541511,4,4,0,0,5.7,60924.45,13.4907,14.1067,5,6,4,Sole Proprietor,8,35.8,1,3,52410.44,52403.66,WA,1
669,3440842.77,3786905.47,445110,6,3,0,17,9.5,171970.06,7.9481,8.5312,8,1,2,Sole Proprietor,3,25.2,1,0,101126.73,99195.53,NC,0
786,308740.6,358115.79,621111,4,1,1,26,17.5,160944.33,10.4074,10.7216,5,4,6,LLC,1,20.2,1,1,137942.93,128623.57,IL,0
681,5216432.92,5822089.07,722511,4,4,1,11,15.3,195118.27,4.4884,4.3112,3,2,1,LLC,4,12.4,0,1,109107.34,93831.89,TX,0
651,611061.23,645151.93,621111,4,3,0,11,13.5,263710.76,23.6963,22.7393,3,2,7,Sole Proprietor,4,21.2,1,0,136102.36,116642.06,NC,1
694,599290.39,653846.24,531210,5,3,1,13,22.7,164097.13,3.9292,3.6647,5,3,1,Sole Proprietor,3,20.2,0,0,137913.08,137467.65,GA,0
681,880199.11,954160.04,722511,1,5,1,0,10.1,153383.09,17.3061,17.1697,8,2,1,Partnership,6,33.5,1,1,101455.7,94894.25,FL,1
669,1644481.42,1878795.25,531210,3,5,1,5,11.2,91410.26,17.3297,16.2768,4,2,9,Partnership,5,44.5,2,3,71570.47,74641.44,WA,1
595,1299692.13,1171605.12,531210,6,1,0,1,9.3,183969.73,11.3796,12.1468,2,6,2,Corp,2,18,1,1,169701.75,166051.34,WA,0
769,260928.68,251721.13,238210,2,2,0,10,9.3,81610.37,11.4686,12.4956,7,6,6,LLC,4,23.5,2,1,36865.57,38657.76,WA,0
618,1141252.39,1122449.06,238210,6,1,1,20,7.4,141803.14,12.2531,12.6267,5,5,7,Sole Proprietor,1,27,1,0,98430.72,94995.5,IL,0
631,2440744.18,2185868.9,621111,6,2,1,20,12.4,139564.64,5.6344,6.3841,6,4,9,Sole Proprietor,3,7.3,1,1,65236.21,57511.14,AZ,0
567,192764.85,176470.14,541511,5,2,1,2,8.1,219789.76,10.5905,12.154,1,1,2,Corp,8,19.9,1,2,148239.08,147246.9,FL,1
650,201517.75,200609.63,541511,5,3,1,12,0.5,244114.02,17.2384,15.8476,6,6,2,Sole Proprietor,7,21.5,1,2,220234.51,228088.38,OH,1
667,575713.04,709916.47,484110,3,5,1,25,5.3,154023.26,4.4758,4.1309,3,6,6,Sole Proprietor,2,23.9,0,1,110003.38,101767.56,CA,0
637,1130416.32,1349772.48,722511,4,5,1,12,6,138617.85,10.1292,10.8979,1,4,4,Partnership,5,26.5,3,3,86442.69,78254.92,NY,1
594,541762.39,604361.22,531210,1,4,1,15,15.3,162118.93,12.1182,12.4696,7,1,2,Corp,3,39.4,1,0,149750.31,157170.79,FL,1
680,1171012.33,1286843.53,484110,5,3,0,20,8.7,253133.01,10.1401,11.1813,3,2,6,LLC,3,3.7,1,0,215745.53,216730.42,WA,0
624,819523.06,732955.74,238210,1,4,0,5,13.1,269811.41,11.6234,10.9459,2,6,5,LLC,2,41.2,1,2,143053.3,122167.9,CA,0
500,1101829.65,1338955.74,238210,2,2,0,0,10.7,282023.72,17.9548,20.0281,5,1,5,LLC,6,21.8,3,2,164821.76,152022.02,NC,1
665,1229558.9,1064252.45,484110,1,4,1,16,7.9,242216.45,14.3374,15.0243,5,5,8,Corp,4,14.5,0,0,109404.6,104170.38,AZ,1
708,886099.34,917430.2,238210,3,5,0,14,9.7,202710.42,10.4353,11.8629,6,1,3,Corp,3,32,3,1,98234.98,89986.25,CA,0
787,2552400.99,2839064.45,722511,3,4,0,13,17.7,66503.93,11.3675,11.4185,3,4,4,Sole Proprietor,1,1.7,2,2,41417.29,35769.7,FL,0
620,1690136.81,1466515.08,236220,5,3,1,13,12.4,69493.88,9.7961,9.8537,3,6,8,Sole Proprietor,3,11.2,0,0,60106.89,54808.81,IL,0
541,868887.32,994964.57,445110,1,1,1,7,8.7,71607.39,14.8454,14.0119,1,1,9,Corp,5,45.2,0,2,48871.42,47619.58,NC,1
518,234780.12,277586.3,484110,1,1,1,0,3.5,390421.09,16.2952,15.8124,4,3,3,Sole Proprietor,3,24,3,1,294930.32,308374.31,CA,1
628,341668.89,303551.66,541511,1,2,1,8,8.5,98982.69,14.9525,13.7097,5,4,1,LLC,4,28.9,2,3,68855.2,70824.89,CA,1
569,749308.46,786871.73,445110,1,3,0,18,16.4,140271.43,12.6908,11.6119,5,3,9,Partnership,7,30,0,3,69788.78,68520.49,CA,1
724,954909.84,1183745.8,484110,1,3,1,17,12.9,291669.23,7.2298,7.7128,4,4,6,Sole Proprietor,3,49.5,2,1,171447.65,148163.8,GA,0
520,397091.59,402151.68,541511,2,3,1,1,9.2,158896.28,11.5011,10.4602,6,4,5,Partnership,5,25,3,2,87641.34,78153.2,IL,1
599,1005502.72,1047678.89,531210,5,2,0,7,13.6,132542.02,8.8772,8.7235,2,2,9,Corp,6,1,0,0,115391.33,104091.02,CA,1
668,1516660.62,1568461.96,531210,6,2,1,23,13,262101.92,7.9552,8.7718,2,1,5,Partnership,5,10.3,0,0,163437.44,145719.44,CA,0
672,747282.23,702392,722511,3,1,1,13,1.8,228672,12.5858,14.1507,6,1,1,LLC,7,31.7,2,2,198994.2,172951.22,NC,1
682,1422800.19,1377979.52,531210,2,2,1,22,16.8,316643.34,7.0252,7.7095,3,5,3,Partnership,5,12.2,0,1,142845.97,137935.49,IL,0
674,1317362.33,1374471.14,236220,5,1,0,0,0.5,148534.17,16.1795,14.6332,7,1,8,Sole Proprietor,4,23.8,1,3,111726.32,101715.34,WA,1
701,991352.14,1156807.08,722511,1,2,0,14,14.1,133432.08,6.3552,5.7619,2,5,2,LLC,2,7.4,0,0,75167.08,71110.73,AZ,0
630,1139100.87,1141152.28,541511,2,4,1,8,8.6,587174.03,10.5165,9.9861,8,6,1,Corp,6,32.6,0,1,399895.46,389114.24,TX,0
676,1019373.95,1008001.69,445110,1,5,1,31,22.9,208782.36,3.5,3.3951,6,6,2,Sole Proprietor,1,10.8,1,2,119133.29,101683.57,AZ,0
743,3516629.01,3522493.92,484110,4,4,1,21,3.3,148560.33,4.9301,4.8581,4,5,3,Sole Proprietor,4,48.7,0,1,113038.1,107046.52,FL,0
675,1611495.12,1512784.01,484110,3,1,1,8,14.3,35231.29,15.5558,15.9655,4,3,9,Corp,1,31.7,0,0,26101.87,24023.34,IL,0
557,1622344.69,1995070.62,722511,4,1,0,16,10.6,115074.05,7.3707,7.0184,2,4,9,Corp,7,31.6,2,1,67201.34,58969.9,GA,1
686,1092215.31,1225697.82,531210,2,5,1,25,17.1,136749.26,8.571,8.1969,4,2,6,LLC,3,12.7,1,1,100243.24,92667.78,FL,0
613,792342.48,702911.15,484110,4,1,1,14,16.8,72348.48,3.5,3.8941,2,1,4,Corp,5,28.6,0,0,45147.32,42938.9,NC,0
607,1298361,1375856.86,621111,2,4,0,21,16.3,240025.72,8.1444,7.7581,8,5,8,Partnership,8,8.1,1,1,162999.22,171141.94,GA,0
614,868492.93,1062721.4,621111,2,4,0,13,10.5,173843.5,16.2043,18.6209,5,6,6,LLC,9,27.6,1,4,82529.59,72737.68,IL,1
602,523357.97,495315.44,238210,1,1,1,7,7.5,253736.89,16.4417,17.7341,7,5,2,Partnership,8,16.9,0,2,160590.19,158233.63,AZ,1
799,1227852.16,1192699.46,238210,6,3,1,10,12.8,174287.64,8.5006,8.069,6,6,7,Corp,3,5.8,0,1,116517.34,107099.03,NY,0
586,565928.96,686500.03,541511,4,1,0,7,8.1,52388.63,6.9269,6.947,6,1,3,Corp,6,28.7,1,1,43432.68,44325.45,FL,1
606,1205046.59,1427461.96,722511,3,2,0,7,11.9,177599.7,11.7956,11.0461,4,2,8,Sole Proprietor,6,36.6,3,2,94922.84,84087.5,CA,1
571,1704238.96,1523054.61,236220,5,4,1,8,0.5,116349.38,14.0112,13.1225,2,3,3,Partnership,4,19.9,2,4,60620.48,59806.77,WA,1
625,166811.41,181326.52,484110,2,3,0,0,3.7,78592.15,9.061,8.273,1,5,5,Sole Proprietor,8,18.5,2,3,58055.65,60765.95,GA,1
696,506568.23,446925.17,722511,3,4,1,14,10.7,141634.34,5.5997,5.2656,6,2,5,Corp,1,23,1,1,111849.08,107757.58,FL,0
635,362906.9,392707.94,722511,2,3,1,16,12.3,78394.16,11.0802,10.4337,8,6,6,LLC,3,32.8,1,1,45265.91,43873.05,OH,0
636,303706.34,289225.5,238210,3,5,0,12,5.8,90185.01,11.4618,10.6056,8,5,4,Corp,9,28.8,1,2,67587.43,68238.57,IL,1
500,4389183.21,4437776.11,541511,3,5,1,13,11.6,102822.68,16.4637,18.7117,3,1,3,Corp,6,32.1,2,3,78909.62,81620.82,IL,1
664,2102254.65,2372352.64,236220,5,2,0,25,12.1,96024.23,10.8532,10.0737,3,3,1,Corp,1,20.1,3,0,75565.7,65434.08,OH,0
553,619712.58,735081.31,445110,4,5,1,4,9.2,255461,12.0584,12.5097,2,5,6,Sole Proprietor,7,29,0,2,193379.42,195308.61,IL,1
698,593772.66,717065.05,238210,4,4,1,22,9.3,79964.09,9.2543,9.5615,6,2,4,Partnership,3,25.6,0,0,49951.75,46470.5,WA,0
688,761671.28,648616.31,621111,5,1,1,3,8.6,91604.24,6.8185,7.7385,2,4,5,LLC,4,33.5,0,0,71261.61,63125.98,CA,0
781,478422.24,484894.47,445110,4,2,0,21,11.5,299058.76,12.1298,13.5578,8,2,2,Corp,3,42.7,1,0,154355.39,142813.9,AZ,0
575,2214911.11,2122941.74,484110,4,3,0,7,7.3,156160.74,13.5476,14.3008,3,1,4,Sole Proprietor,4,27.7,0,3,134029.9,124285.46,WA,1
654,401844.51,379685.65,531210,2,3,1,6,6.4,55938.01,12.4831,12.0166,7,6,9,Corp,8,31.5,1,2,36698.27,36668.07,FL,1
633,1363450.58,1637736.96,484110,1,2,1,1,5.9,225312.5,12.9716,13.4153,3,1,4,Partnership,9,32.1,1,2,116277.36,119810.25,IL,1
795,1056129.37,1232848.56,445110,2,3,1,15,4.8,197748.57,7.1795,8.2458,1,3,3,Sole Proprietor,8,15.2,0,0,183952.71,173073.61,CA,0
562,1372271.53,1259813.55,621111,1,5,1,12,4.6,383422.59,10.8264,12.2606,1,1,1,Partnership,6,16.2,2,1,221868.37,196227.39,CA,1
756,1275700.2,1446536.06,484110,2,3,0,7,9.3,71284.56,20.0475,22.8392,3,6,6,Partnership,1,26.8,0,2,59131.74,55387.58,NC,0
553,796612.59,836984.84,621111,1,4,0,10,13.9,95912.23,13.9634,13.5609,7,3,9,Sole Proprietor,8,41.4,3,1,62700.26,57137.38,OH,1
527,274982.66,332091.09,484110,5,1,0,13,9.5,120235.61,9.7446,9.7467,1,6,1,Partnership,5,18.6,0,1,81827.95,74137.82,FL,1
626,262659.75,266711.85,445110,3,1,0,8,2.6,136800.47,13.8639,14.9392,2,1,8,Partnership,6,19,0,4,68427.3,61783.55,NC,1
704,698678.02,699346.69,722511,6,2,1,16,18.3,337418.15,8.1556,7.5661,7,6,6,Partnership,3,14.3,2,1,192257.21,170797.02,FL,0
628,1221801.02,1106039.94,236220,4,4,1,13,4.7,183424.3,16.3819,18.6282,7,3,2,LLC,4,33.4,1,3,150361.05,141908.66,NY,1
736,1305701.27,1243160.13,531210,3,2,0,16,8.2,173274.81,9.7647,9.1072,7,5,3,Partnership,3,27.2,0,1,106908.4,109984.11,GA,0
612,976336.65,1025465.69,236220,6,1,1,8,12.8,158162.74,13.0088,12.1088,2,2,1,LLC,4,29.8,0,1,128801.88,112091.73,IL,0
600,501347.52,435690.1,238210,2,4,0,12,1.2,221858.2,10.6941,11.4103,3,5,5,Partnership,6,28.4,1,1,125605.35,108847,IL,1
694,766295.12,887379.83,484110,1,2,1,0,2.4,158259.87,17.9959,20.1005,3,3,5,Corp,7,27.9,0,2,98493.74,93795.92,AZ,1
727,1653394.99,1770146.95,236220,4,1,1,22,8.7,224818.25,6.7125,6.8985,5,1,7,Partnership,2,17.9,0,2,168552.71,158403.86,WA,0
747,916788.3,988369.56,541511,5,3,0,24,9.9,119631.96,10.8055,10.8288,4,2,6,Sole Proprietor,4,33,1,2,56524.48,48061.85,AZ,0
623,1301245,1363650.53,621111,6,4,1,9,16.2,177498.99,12.2228,13.4842,7,6,3,LLC,6,39.7,2,0,124862.3,113979.24,TX,1
671,700626.99,762555.68,484110,4,5,1,11,13.5,145971.03,11.0711,11.3591,3,4,4,Partnership,3,1,1,2,109945,96334.29,WA,0
680,464404.79,554252.83,236220,2,1,0,0,3.9,117440.9,15.1533,16.3452,3,2,2,Partnership,5,8.6,2,1,66818.58,69900.79,TX,1
690,3317732.03,3203818.95,541511,5,5,0,19,9.4,148338.39,5.4117,5.8365,4,5,7,Partnership,6,7.8,2,1,84200.23,72393.87,TX,0
713,692490.35,669075.95,531210,3,1,0,6,6,93709.55,5.0625,4.9912,7,3,4,LLC,7,14.7,2,1,61548.58,61966.21,OH,1
576,1306907.41,1626992.35,484110,2,1,0,11,9.9,129190.58,8.9156,8.7604,8,6,7,Corp,5,47.3,1,2,108555.57,99823.71,FL,1
557,208498.18,259758.47,541511,4,2,1,0,15.1,172921.7,14.3192,13.7883,6,6,3,Sole Proprietor,4,32.7,2,1,155772.4,145329.38,NC,1
630,944081.23,987735.55,541511,1,5,1,17,3.8,315812.63,5.2726,5.9487,7,4,9,Sole Proprietor,4,25.4,0,1,279534.6,276358.86,NY,0
671,425113.83,416403.64,236220,2,3,0,13,2.1,72388.53,7.6183,8.5609,4,4,2,Partnership,7,24.7,2,0,51600.46,48914.48,FL,1
680,423285.59,483675.37,541511,1,3,1,18,8.7,179631.74,12.3527,11.748,7,1,9,Sole Proprietor,7,24.3,0,1,112926.3,105990.69,TX,1
586,194236.87,176676.14,621111,4,2,1,0,7,115566.32,16.4262,18.1695,1,5,4,Partnership,6,14.2,1,1,89760.63,88153.06,IL,1
732,496617.11,455349.75,722511,5,4,0,11,8.7,178792.12,7.4716,7.6023,3,3,9,Sole Proprietor,3,30.3,0,0,130299.98,121185.79,OH,0
560,700875.64,661988.29,541511,2,2,1,13,2,92354.27,7.2652,6.6129,3,2,3,LLC,6,46.3,2,1,58737.49,56691.47,NC,1
522,1802452.89,1880560.39,236220,6,4,0,4,2.8,92321.26,13.7305,14.6176,3,1,1,Sole Proprietor,5,22.9,0,1,84447.43,77373.75,IL,1
705,632376.14,612398.99,445110,3,3,1,9,9,99827.85,5.7856,6.4268,5,4,7,Sole Proprietor,4,22.1,1,1,49902.07,51313.27,AZ,0
758,896056.3,1063487.03,722511,2,3,1,18,17.4,178947.52,8.573,7.9583,6,6,8,Partnership,5,13.2,1,2,166994.77,150700.4,NY,0
571,485160.64,517474.39,722511,1,5,0,11,4,57615.22,17.5621,16.7829,2,5,6,Sole Proprietor,9,22,1,2,49548.23,47334.79,IL,1
696,1558309.75,1905065.99,484110,6,4,0,13,2.2,98052.83,10.4752,11.7612,5,2,9,LLC,4,16.3,1,1,71080.77,60460.53,WA,0
540,441573.04,463802.45,541511,1,2,1,12,14.6,282400.66,11.894,12.7129,5,1,3,LLC,6,24.7,3,2,232374.87,212866.18,CA,1
685,917071.82,837167.65,541511,1,1,1,17,9.2,69852.82,4.1208,4.5915,7,4,3,LLC,5,3,0,0,53000.73,51168.2,IL,0
652,993097.41,1192857.83,238210,4,1,0,15,3.7,105170.53,11.9971,11.413,6,1,2,Corp,2,27,2,0,91811.32,93875.82,NY,0
596,350901.52,338711.99,484110,5,1,0,22,6.5,197072.63,11.3294,12.1644,2,4,8,Sole Proprietor,8,28.8,2,4,152986.24,154650.48,TX,1
598,353781.45,403222.76,531210,5,4,1,15,14.9,90687.17,8.0175,7.3426,1,1,4,Corp,8,33.1,2,2,73352.39,72076.24,AZ,1
604,788583.62,969154.76,621111,6,5,0,22,11,235932.14,6.0021,6.1448,2,2,9,Corp,5,16.4,1,1,113412.53,109334.99,GA,0
644,505802.82,570642.36,445110,5,5,1,7,4.5,65412.57,11.0801,11.4579,4,1,6,Corp,9,23.3,3,3,37130.14,31953.37,IL,1
536,553342.62,479404.3,236220,5,5,1,21,17.1,399771.44,8.7475,10.028,4,6,5,Corp,7,8.2,0,0,376700.25,341910.34,OH,1
593,1714862.55,1821228.65,238210,4,1,0,9,5,187608.56,12.4285,13.1703,6,3,1,LLC,6,36.7,0,2,116834.36,107760.13,GA,1
605,602024.08,683306.54,484110,1,2,1,24,15.4,120166.82,10.0012,11.3123,3,5,4,Partnership,3,18.1,0,0,112336.77,108344.38,TX,0
740,712331.97,856790.11,541511,2,1,0,2,2.2,70649.41,10.8905,12.1562,7,4,9,Sole Proprietor,6,41.4,1,3,58316.27,50350.11,NC,1
539,572025.12,560004.2,238210,5,1,1,10,12,123333.99,12.0983,12.6654,8,2,6,Corp,9,9.6,2,0,102203.76,103802.19,IL,1
595,384037.74,472193.41,541511,5,2,0,5,7.7,98420.38,11.4326,11.6785,4,6,4,LLC,8,42,2,0,80137.9,68809.21,FL,1
539,643138.77,658596.28,621111,5,1,0,18,11.8,144296.69,12.913,13.0282,2,6,9,Partnership,2,30,1,3,125882.11,116252.34,CA,1
732,765129.86,776827.36,236220,6,4,0,20,7.6,154193.17,12.705,11.6741,8,2,7,LLC,1,26.4,0,2,80011.68,70338.89,CA,0
519,434116.03,428999.88,541511,5,4,1,3,2.1,194346.56,12.3195,12.543,8,1,9,Partnership,7,40.8,0,3,176773.74,160861.45,AZ,1
696,2169492.78,2441600.3,238210,3,4,0,21,16.8,659856.22,11.1544,10.6207,7,5,1,Corp,2,34.4,0,1,307754.49,303386.76,TX,0
602,425728.96,381587.07,541511,1,1,0,9,2.1,97724.66,12.7889,11.6989,1,5,2,Sole Proprietor,6,16.2,0,2,49500.44,50656.03,NC,1
617,734623.97,844692.2,238210,1,3,1,12,6.5,240902.25,6.1853,6.4827,5,1,6,LLC,5,40.5,0,0,226796.48,218854,OH,0
698,443611.14,512095.73,722511,2,4,0,10,17.5,235549.63,6.0614,6.5357,4,6,8,Sole Proprietor,3,27.3,1,3,118047.94,111827.99,GA,0
562,845838.71,1020885.75,238210,5,2,1,11,13.4,71126.95,12.018,11.6558,4,5,4,Corp,3,35.3,0,0,51849.87,49003.19,TX,1
655,814518.75,967498.9,484110,4,1,0,15,6.2,269861.08,13.0813,14.0988,4,6,8,Partnership,8,41.6,2,3,213750.48,219723.99,FL,1
700,1870421.98,1957930.72,621111,2,5,0,14,14.7,144661.72,5.1803,5.4724,1,4,4,Sole Proprietor,2,6.2,0,2,124501.61,112985.77,FL,0
693,1045396.92,1275057.94,445110,6,1,1,15,3.9,266901.12,8.9094,9.0826,5,6,1,Partnership,1,15.5,1,0,169633.21,152094.05,IL,0
643,190997.66,176026.86,722511,6,2,0,8,6,189968.73,10.775,11.4892,8,4,2,Corp,8,20.9,3,4,176493.16,177963.52,TX,1
743,467611.7,434309.27,531210,5,5,0,21,0.5,250332.45,17.7344,18.3321,5,4,5,Corp,6,27,2,1,215293.98,203041.2,NC,1
626,535738.51,535082.72,445110,4,1,0,7,5.1,159822.87,16.0805,14.9275,5,6,6,LLC,6,22.4,3,2,139051.59,138717.78,WA,1
592,1114408.09,1263746.3,445110,4,2,0,6,9,73793.47,10.6282,10.9779,6,1,5,LLC,3,14.5,0,1,42272.58,37882.54,IL,1
568,741177.92,745312.97,484110,5,1,1,24,12.2,252130.49,17.1847,18.9813,1,5,3,Partnership,7,27.5,3,2,207740.25,198643.36,OH,1
514,599365.76,565141.06,621111,6,5,0,3,7.3,80955.1,11.0755,12.4536,5,6,3,Corp,8,11.5,0,1,38676.45,35498.07,CA,1
648,476174.04,481250.65,722511,5,4,0,21,2.6,148001.52,5.621,6.4302,5,1,1,Corp,4,15.3,1,0,84858.33,88454.88,CA,1
635,708155.83,707665.06,722511,2,5,1,14,0.5,180865.93,5.5798,6.2225,3,3,1,LLC,8,15.5,0,0,110950.53,115327.99,IL,1
657,957287.62,872531.59,445110,1,5,0,15,10.5,119240.12,12.545,14.0465,8,3,1,Sole Proprietor,1,33.1,1,2,90253.53,80222.84,WA,0
643,2410312.63,2950269.23,531210,4,2,1,19,18.8,79709.34,12.6298,12.3331,2,6,5,Corp,3,27.6,0,0,61138.41,61368.75,NC,0
629,376137.66,335608.26,236220,2,1,1,18,17.2,250513.17,15.7138,16.0925,3,1,7,Corp,5,24.5,0,0,138545.2,142081.84,TX,1
700,1042205.08,887557.63,484110,2,1,1,15,9.1,110633.69,9.5624,9.9296,2,6,3,Corp,6,54,0,1,98247.7,94168.97,GA,0
717,440847,473214.48,541511,4,2,0,0,8.3,109670.98,14.2335,15.1414,8,4,1,Partnership,6,41.1,1,2,49496.12,43988.06,TX,1
596,212892.59,242056.96,236220,6,3,1,7,5.5,91800.38,13.8129,14.0326,6,2,9,LLC,3,22.3,3,3,41398.75,43078.94,CA,1
722,1032712.24,1128196.66,621111,5,3,0,0,4.2,136454.84,9.3481,10.5949,3,6,8,Sole Proprietor,6,17.7,0,1,103967.14,91301.69,CA,1
691,1493387.24,1333308.53,621111,3,1,1,8,10.3,149087.44,14.5186,13.9697,8,6,7,LLC,2,25.4,1,0,119881.94,118108.05,NC,0
561,1557957.57,1517452.18,531210,3,2,0,3,11.5,361174.28,15.6801,17.2584,7,3,2,Partnership,7,40.7,1,0,211817.85,222188.59,TX,1
633,563866.68,539061.35,541511,2,1,1,8,2.7,101281.15,11.9073,11.6869,4,4,3,Partnership,8,31.8,2,2,91132.81,79454.53,GA,1
808,1822402.04,1986280.37,236220,1,1,0,6,10.2,226457.93,7.0641,6.9177,2,4,5,Corp,1,19.7,1,1,147783.67,131478.79,CA,0
629,542118.07,506249.78,238210,3,5,0,15,10.7,288645.8,11.9443,11.1609,2,6,6,LLC,8,21.5,0,1,178231.85,173447.81,WA,1
663,630322.85,700414.14,445110,2,5,1,5,25.4,198004.61,11.5586,11.6164,3,3,8,Sole Proprietor,4,38.9,1,0,141102.37,139140.86,NY,0
670,1134676.07,1416567.68,722511,1,5,1,22,13.8,138153.82,8.6695,9.504,1,3,2,LLC,3,19,0,1,108633.93,99689.21,GA,0
640,931857.47,1144900.54,484110,5,5,0,0,4.6,41431.01,7.5629,8.5795,2,2,6,Sole Proprietor,4,29.4,1,2,31091.04,30171.95,FL,1
805,585498.47,712336.29,445110,6,4,0,19,15.7,101482.43,10.3423,11.532,5,1,7,LLC,4,21.2,2,2,51808.12,48283.82,FL,0
593,1140483.79,1083566.51,238210,6,4,1,18,5.7,244894.58,9.4485,8.9851,4,3,8,Sole Proprietor,4,9.8,3,1,173908.1,148480.09,GA,0
606,3470744.39,3046309.83,238210,1,1,1,2,10.5,177213.61,15.6889,14.3879,8,3,6,LLC,4,38.2,1,1,106307.51,102719.11,WA,1
706,986745.93,1134669.26,236220,6,4,1,25,17.7,184491.7,6.4802,6.0211,8,3,8,Sole Proprietor,3,25.6,1,0,157111.24,143018.94,TX,0
630,1078009.63,1240177.28,484110,2,4,0,7,14.4,195334.81,14.027,14.1981,1,5,2,Sole Proprietor,6,45.6,0,2,166643.2,145173.37,GA,1
771,998471.2,1099351.37,484110,5,3,1,20,14.6,279648.57,3.5,3.4332,2,2,6,Sole Proprietor,1,27.8,2,0,190423.25,191105.61,CA,0
598,1256097.21,1155384.53,238210,6,4,0,5,16.1,56063.03,15.1566,14.3164,5,1,6,Corp,8,52.3,2,2,37719.21,32105.46,TX,1
696,278405.7,328774.38,236220,3,1,1,16,15.3,175924.39,14.852,16.3561,6,3,8,Sole Proprietor,2,24.6,1,1,133046.24,119683.34,TX,0
644,1467560.58,1804144.87,445110,6,1,1,17,13.3,107067.46,12.1794,12.5176,8,4,5,Partnership,4,32.6,1,0,75472.75,69889.93,NC,0
662,1658184.38,1570295.41,484110,1,2,1,25,11.6,119428.75,16.0671,17.1573,1,2,8,Partnership,5,11.8,1,1,75907.87,75001.76,FL,0
548,1312853.57,1407681.55,238210,2,3,1,0,14.4,143926.34,3.5,3.603,7,4,2,LLC,5,29.8,2,1,79602.32,76988.17,AZ,1
568,431567.34,473224.17,238210,3,2,1,0,3.1,74031.61,13.9358,14.1274,7,6,3,Corp,6,22.2,0,3,38455.86,37098.52,IL,1
585,299676.53,330227.53,238210,5,5,0,0,4.1,143480.78,10.2045,11.4172,5,2,8,Partnership,7,15.3,2,3,132399.71,129333.32,IL,1
611,1133009.87,1149744.84,484110,6,5,1,9,16.1,299458.68,16.3251,15.7821,2,4,8,Corp,7,27.9,1,2,211043.3,184097.97,NY,1
565,467759,467572.55,484110,4,3,1,13,11.4,427539.8,13.9416,13.8178,4,3,6,LLC,6,28.6,2,2,397830.14,361660,NC,1
598,2357159.6,2307194.81,541511,1,2,0,39,7.1,178455.35,10.987,11.5838,6,5,7,Sole Proprietor,2,1,1,2,126512.51,118163.03,OH,0
598,492752.74,435083.87,238210,3,2,1,14,1.7,281715.19,11.6861,12.1163,8,6,7,Partnership,6,27.2,2,6,158584.73,156058.95,FL,1
597,590711.24,579092.03,238210,3,1,0,12,18.7,136316.58,10.1167,9.5843,4,3,2,Partnership,8,23.1,1,1,71858.57,70896.37,IL,1
786,1105793.71,1281507.04,621111,2,4,0,12,16.1,472111.21,14.4318,16.5509,3,6,6,Partnership,5,23.6,1,1,250409.89,224943.12,GA,0
601,1890240.48,1904687.19,531210,1,2,0,16,12.5,176793.42,12.1735,13.0395,2,1,4,LLC,6,28.4,2,6,162241.68,153079.57,OH,1
584,352163.58,308177.1,541511,1,1,0,10,6.5,230222.25,18.6892,18.2995,2,5,2,Partnership,6,1,1,1,141251.71,128834.39,FL,1
621,755747.2,738928.55,531210,2,1,1,12,11.5,130262.24,13.0963,14.0431,4,4,2,Corp,1,27.3,2,1,63264.43,58682.34,NC,0
798,1364808.1,1699569.79,531210,1,3,0,11,17.1,151575.89,10.0875,11.4972,4,3,4,Sole Proprietor,4,52.8,1,1,87867.93,83580.69,WA,0
631,941548.41,1036270.01,722511,2,2,1,16,12.2,208767.42,11.6542,12.6875,3,4,4,Partnership,6,50.3,2,2,110822.48,109602.5,WA,1
523,1005124.14,1038478.59,531210,1,3,0,2,10.9,121951.92,16.4124,17.4015,4,5,5,LLC,5,38.6,1,1,77340.15,75825.03,CA,1
700,920955.32,823726.34,238210,4,2,1,8,17.9,159247.07,7.7571,7.5702,3,5,1,Sole Proprietor,1,30,2,0,79168.79,81479.98,WA,0
607,334386.21,376320.44,236220,1,5,0,8,14.8,66081.68,10.0123,9.1604,6,6,3,LLC,9,38.1,0,1,60963.1,60057.43,GA,1
781,1273869.8,1520781.11,236220,4,3,0,20,14,197733.76,6.2914,6.7962,7,2,8,LLC,1,37.5,3,0,153252.71,133995.07,FL,0
670,704295.75,630638.25,621111,2,2,0,13,9.5,316963.47,9.6231,9.8968,6,3,6,Partnership,5,30.2,1,3,233948.33,218658.4,TX,0
725,1040342.97,904112.54,445110,5,5,0,11,6.1,118232.54,7.4515,8.314,6,2,8,Corp,1,29.3,0,1,53570.68,48574.46,IL,0
662,977827.62,833564.15,531210,6,1,1,14,11.9,286409.46,3.5,3.8606,3,3,1,Partnership,6,25,1,0,174680.83,182378.9,TX,0
590,2166791.53,2299430.93,236220,6,2,0,15,9.9,192902.95,13.3792,15.1956,3,2,7,Sole Proprietor,8,27.2,1,2,124618.58,110480.68,GA,1
612,1513949.29,1780866.79,236220,5,1,0,1,6.3,142982.7,14.7426,16.6105,7,4,4,LLC,9,43,0,5,116647.21,109612.41,GA,1
850,755763.7,820869.58,621111,3,2,1,1,18.3,166400.89,10.0821,9.56,1,3,2,LLC,4,1,2,0,155666.15,147788.06,CA,0
500,1001717.2,903248.84,445110,3,5,0,0,1,132801.91,6.1714,5.6852,5,4,4,Corp,7,47.1,0,2,115216.38,107833.99,NY,1
583,516179.91,559011.43,531210,6,1,1,0,8,186935.25,12.8232,13.2296,8,3,6,Partnership,3,30,1,2,105052.53,95322.41,NC,1
750,606816.03,680919.19,541511,6,4,1,20,12.4,194771.18,11.5876,12.445,4,4,6,LLC,4,33.1,0,1,106774.98,112056.87,IL,0
607,244530.21,264276.78,541511,1,5,0,4,7.4,52173.44,9.3503,9.0401,8,4,8,Partnership,8,29.6,2,3,39301.96,39162.12,CA,1
778,945323.69,1002674.55,541511,2,4,0,16,16.1,179104.59,11.6738,13.0775,5,2,3,Partnership,4,24.4,0,2,143426.58,127609.5,TX,0
587,1382158.54,1285195.43,722511,1,4,0,15,7.6,107723.94,11.012,11.3813,4,1,4,Sole Proprietor,8,21.4,2,1,77867.52,72905.63,GA,1
660,2404485.37,2533957.59,236220,3,1,1,30,7.8,107306.89,5.6791,5.6908,3,1,4,Corp,1,47.4,2,1,62094.89,56039.77,AZ,0
586,342964.35,352704.61,621111,6,3,1,7,6.9,232163.55,9.4425,9.4982,6,6,9,Corp,4,38.8,2,1,142966.47,147275.04,NC,1
618,1385824.6,1710626.56,621111,3,1,1,8,0.5,162268.67,16.7554,17.8772,8,5,6,LLC,5,29.8,1,0,103091.04,95828.52,NY,1
668,690702.79,697795.17,621111,5,3,1,17,6.2,144687.67,14.8441,16.2309,6,3,4,LLC,7,18.9,2,1,132709.42,127903.59,NY,1
596,3109669.86,2969541.93,445110,1,2,0,13,13.2,186619,6.3468,6.1295,5,4,8,Sole Proprietor,1,27.3,2,1,156124.51,149229.96,NY,0
720,735940.66,648559.18,484110,4,4,1,26,4.7,218362.55,10.3347,9.5434,8,3,3,Sole Proprietor,3,17.7,1,0,183686.29,167458.46,CA,0
720,509756.33,474908.69,238210,5,3,1,10,14.1,343553.97,18.1189,20.4069,6,1,3,LLC,6,20,1,0,281341.18,290456.25,NC,1
677,628530.19,700618.01,236220,5,5,1,24,6.3,29893.72,4.5608,4.5628,4,1,3,Sole Proprietor,4,14.2,0,1,21909.09,22570.17,CA,0
796,1181395.05,1040719.14,484110,3,4,1,13,14.2,178996.28,9.8737,10.5648,5,1,8,LLC,4,36.9,0,3,147216.53,140668.89,CA,0
715,1252556.46,1263838.19,722511,2,5,1,20,13.9,359073.11,7.1579,7.2679,1,5,8,Partnership,3,18.4,1,0,226882.23,220760.81,WA,0
543,491844.06,428843.58,621111,1,4,1,12,9.6,180029.22,8.2583,8.7782,4,3,1,Partnership,4,42.8,1,0,127990.62,113834.34,IL,1
703,886535.43,922976.71,484110,1,5,0,12,8.7,105495.35,12.1656,11.7959,8,3,2,LLC,3,42.6,0,0,60039.15,61791.22,AZ,0
525,535511.9,667050.31,484110,6,4,0,1,16.2,82902.49,12.8203,12.8074,1,3,3,Partnership,3,7.4,1,2,76451.4,75914.97,TX,1
812,763383.86,874373.92,484110,5,1,1,12,0.5,187893.92,9.0946,8.4806,3,5,1,Corp,2,22.2,1,1,166669.16,151079.96,IL,0
586,1299540.38,1295488.33,531210,5,2,1,21,10.9,125661.91,10.7882,10.4915,8,4,8,Partnership,3,24.7,1,1,71067.31,69760.08,WA,0
575,679686.65,715694.32,484110,3,4,0,6,1.7,169785.45,9.624,10.7618,3,3,3,LLC,7,54.1,0,1,87516,88811.89,IL,1
579,550391.91,596491.18,484110,1,5,0,10,5.7,59218.19,10.5712,10.4476,3,3,9,Partnership,4,2.1,1,2,52106.51,47478.45,IL,1
552,1550001.86,1829788.2,445110,6,1,0,18,6.4,134884.39,12.0549,12.3265,1,1,3,Sole Proprietor,4,27,2,0,102991.45,91843.09,WA,0
631,601913.97,581160.23,236220,1,2,0,8,2,151619.93,14.3481,13.0939,8,3,1,LLC,7,12.9,1,2,93429.35,95672.13,TX,1
553,1130077.9,1057869.67,722511,4,5,1,19,5.3,165564.29,13.3938,14.5586,3,4,7,Sole Proprietor,5,16,2,2,116609.01,104424.78,GA,1
654,440391.27,382892.01,541511,4,4,1,0,0.5,83805.78,21.1779,21.2169,5,6,4,Sole Proprietor,7,10.6,2,2,60921.38,56938.75,CA,1
784,469008.17,561506.99,238210,1,1,0,14,13.2,160536.42,8.9199,9.8277,7,6,1,Sole Proprietor,7,26.8,1,2,151937.88,148638.93,TX,0
644,312622.58,343314.27,531210,3,1,1,16,15,216627.35,3.5,3.4955,5,1,9,Corp,1,21,0,3,149779.14,140285.92,FL,0
726,2406257.05,2639993.28,238210,2,4,1,21,10.2,102040.2,13.1448,13.2015,3,4,7,LLC,3,40.6,0,0,46703.23,47736.02,AZ,0
561,1341424.79,1467436.48,531210,2,3,0,11,12.5,123924.96,6.08,6.6434,6,4,8,Partnership,4,11.1,0,0,112734.89,101519.41,OH,0
507,377694.59,350528.61,621111,1,4,1,8,10.8,224125.47,17.8073,17.8201,8,1,8,LLC,6,32.7,1,2,139477.86,134094.07,GA,1
678,1165805.26,1068590.33,531210,3,4,1,2,16.3,117119.55,3.5,3.7786,1,5,8,LLC,5,45.8,1,2,74030.42,76662.45,AZ,0
626,670752.53,742703.98,484110,6,5,1,5,8.2,123339.44,8.2453,8.1612,8,5,7,LLC,3,30.4,2,0,92259.99,81003.32,AZ,1
618,1576775.19,1793740.96,238210,2,5,1,22,12.9,86177.19,6.8198,6.6154,7,3,6,LLC,4,2.9,1,2,58234.62,59259.95,IL,0
704,536091.21,606446.59,236220,3,1,0,18,15.9,146573.25,8.6775,9.6582,1,2,4,Partnership,3,29.9,1,1,75560.4,71235.47,GA,0
723,1556378.91,1523148.57,236220,5,5,1,11,8.9,186250.6,11.4237,11.7101,7,3,7,Corp,5,26.6,2,1,150118.08,149453.77,NY,1
631,860449.96,769423.37,621111,6,3,0,10,7.9,60269.18,15.0759,16.9476,8,6,6,Partnership,3,11.9,1,2,46722.38,45104.49,AZ,1
698,1518469,1428304.35,445110,3,1,1,9,12.2,60439.31,8.9783,9.7222,5,1,1,Sole Proprietor,3,40.7,1,1,38478.08,33952.17,NC,0
521,419439.92,448153.01,531210,1,1,1,18,15.4,175545.73,8.8031,8.6123,4,5,8,Partnership,7,29.4,1,3,158446.37,150868.74,FL,1
579,717283.77,752053.28,531210,1,4,1,9,13,274453.43,5.2047,5.0203,5,4,4,Corp,4,1,0,1,154509.58,135571.11,GA,0
591,474836.6,590555.25,445110,3,4,1,14,14.5,134706.55,18.6545,19.002,4,1,4,Corp,5,26.7,0,3,74190.95,69726.04,NC,1
608,1044174.32,1150291.12,621111,2,3,0,12,5.8,127179.18,13.6488,13.8772,3,5,3,Sole Proprietor,8,20.3,1,3,70317.07,71408.7,OH,1
728,543680.06,574102.64,621111,4,1,1,25,12,120487.77,7.673,8.326,1,2,1,LLC,4,11.9,0,0,88131.46,77875.63,AZ,0
703,850225.73,879961.16,445110,2,3,0,0,6.6,117649.98,14.3598,14.9366,8,6,4,Corp,9,26.8,0,2,72735.18,75173.46,CA,1
627,466252.69,473628.43,531210,6,3,0,13,7.4,511256.7,7.7985,7.131,7,4,6,Partnership,9,30.4,0,2,254915.82,219904.85,WA,1
728,360929.46,327876.11,445110,1,5,0,14,6.7,115027.4,11.1465,12.6001,8,5,4,Partnership,5,26.9,0,0,79087.63,77446.88,IL,0
762,1336041.12,1577742.44,445110,3,3,1,11,20.4,140750.3,6.0484,5.7367,8,3,8,LLC,3,19.3,0,0,64825.84,58176.43,OH,0
681,663876.33,744059.05,541511,6,1,1,21,14.6,196406.52,5.3313,5.6905,3,2,2,Corp,5,22.5,0,2,172580.81,169199.25,OH,0
732,1032136.82,1141060.35,541511,4,1,0,20,14.1,107449.07,11.8184,12.7746,3,6,7,LLC,6,40.8,2,0,52158.46,44978.88,IL,0
575,520870.27,543114.25,484110,4,4,0,3,0.5,224749.46,5.0478,5.3093,8,6,4,Sole Proprietor,6,35.4,0,0,199818.84,184811,FL,1
602,491031.82,555547.7,445110,3,2,0,13,14.6,296352.88,11.081,10.809,3,5,2,Sole Proprietor,5,30.2,0,0,266941.79,247196.38,FL,0
639,1144038.54,1322323.11,236220,6,2,0,11,9.5,187284.37,10.4477,9.8341,4,3,8,Partnership,3,1,0,1,162095.15,168315.68,WA,0
642,1373725.84,1475808.72,484110,4,3,1,8,2.4,206260.91,14.756,14.7867,6,5,7,Sole Proprietor,4,33,3,3,175161.75,158315.76,FL,1
573,520535.76,464137.73,238210,1,1,1,9,5.8,226456.64,10.7151,10.9649,1,2,1,Corp,8,37.1,1,2,181100.06,171476.97,WA,1
612,482411.39,526626.17,541511,6,4,1,18,4.1,82382.91,10.8521,11.6952,6,4,9,Corp,7,49.9,1,1,65521.07,56953.42,GA,1
621,1247931.46,1479192.25,621111,5,5,1,11,16.7,45416.19,11.5408,12.2482,2,6,7,Partnership,3,35.9,2,5,36617.02,34548.53,AZ,1
695,706710.69,741146.55,541511,6,4,1,8,6.4,119919.57,16.4384,15.4499,4,1,3,LLC,8,25.9,1,2,55621.52,56384.07,NY,1
632,429731.31,459784.4,531210,1,1,0,9,10.7,101065.8,14.9676,16.874,7,6,8,Sole Proprietor,2,29.8,1,1,59634.16,52213.46,NC,1
620,889257.31,897629.78,722511,6,4,1,11,7.7,284838.84,7.7956,7.3348,6,6,2,Corp,4,38.6,1,2,180686.07,171700.21,GA,0
572,1327326.95,1246562.16,541511,6,5,1,14,13.9,215811.15,6.2034,6.4791,3,4,8,LLC,4,41.1,1,0,107663,102261.85,AZ,0
664,1487324.12,1649234.97,484110,6,1,0,30,13,146306.37,9.32,9.2024,1,3,9,Corp,2,26.6,0,0,90634.51,87484.77,NC,0
507,706172.43,870736.71,541511,2,5,0,10,3.6,147424.95,18.0484,17.9508,8,6,2,Sole Proprietor,5,20.2,3,0,108898.32,108238.05,TX,1
682,2016940.24,2043107.77,238210,5,3,0,8,6.3,72033.32,10.9446,11.3024,2,1,3,Partnership,3,8.4,1,2,49407.38,50735.54,CA,0
569,851459.56,1027298.63,722511,2,4,0,18,9.6,292088.74,15.0466,15.7793,5,5,1,LLC,4,3.5,1,1,176047.98,169508.28,CA,1
556,624957.77,585101.23,621111,2,4,1,6,12.6,146805.74,15.6096,16.3778,1,3,7,Corp,3,4.8,0,1,74603.9,67102.25,GA,1
571,721800.52,847658,236220,6,2,0,15,12.5,218260.92,15.9474,15.9859,2,1,2,Sole Proprietor,5,24.8,0,0,106513.71,97653.23,GA,0
554,975158.86,1088219.12,722511,5,2,0,16,8.3,105582.21,15.1014,15.3238,7,4,6,LLC,7,31.5,1,2,54889.68,48850.81,TX,1
665,1166380.19,1077199.38,621111,3,3,1,7,4.5,383243.87,11.9772,10.7922,1,1,9,Sole Proprietor,7,13.8,1,0,193118.61,198223.6,OH,0
610,2480362.27,2920108.03,541511,4,2,1,12,9.2,251256.86,10.6668,12.0791,3,6,2,Corp,7,38.2,4,2,218359.36,191811.4,AZ,1
725,1427777.87,1560790.62,445110,1,2,0,7,3.2,134109.05,14.5622,14.4214,7,6,3,Sole Proprietor,4,41.9,0,0,115792.23,106140.06,NC,0
541,607098.06,725685.24,445110,5,5,1,7,5.7,478733.74,13.2123,14.0869,6,4,6,Corp,5,40.6,1,2,265978.94,265519.07,AZ,1
619,598894.12,550906.24,236220,6,3,0,24,14.6,97434.89,8.5544,7.8426,5,4,6,Partnership,4,23.5,2,2,66111.49,56744.37,GA,0
619,230805.46,249770.16,541511,2,3,0,0,8.7,349737.08,8.5718,8.2201,1,3,2,Corp,1,21.2,1,4,230369.81,233009.41,FL,1
658,435564.5,405222.14,541511,2,1,1,20,6.5,260146.27,10.9306,10.5239,7,3,8,Sole Proprietor,4,8.8,1,2,235677.31,211401.95,WA,0
683,949767.63,960947.24,531210,1,5,0,8,9.6,194901.92,11.3386,11.5284,4,5,8,Partnership,3,42,1,0,145426.8,136836.68,AZ,0
548,337934.58,363708.8,445110,2,5,0,15,2.2,207840.95,10.5593,11.1384,1,4,2,LLC,5,27.4,1,1,121135.26,123384.82,NC,1
667,454275.47,528228.74,445110,3,1,1,10,6.2,81808.79,13.0641,14.0016,1,3,4,Partnership,7,30.7,1,3,52968.92,54817.16,TX,1
622,1103191.4,1234763.63,722511,3,4,0,8,12.4,112772.19,7.1811,7.2161,4,4,5,Partnership,7,33.7,1,1,98120.13,88195.91,FL,0
705,2593486.3,2498892.47,541511,1,4,0,4,14.4,347262.39,9.9835,11.0184,1,1,2,Sole Proprietor,6,5.3,1,0,160920.25,166877.01,NC,0
726,1425890.42,1553125.09,541511,6,1,1,24,5.5,423706.07,10.9365,11.8058,1,4,6,LLC,5,11.9,1,0,328094.72,332746.72,NC,0
694,387827.46,384759.5,722511,3,1,0,1,3.8,156010.62,12.6374,13.944,5,2,1,Sole Proprietor,8,32,1,0,99109.04,88402.02,NC,1
544,586686.17,545666.55,445110,3,1,1,15,4.2,185567.92,11.7678,12.9474,7,2,2,Partnership,7,27.9,1,1,163623.69,155370.82,GA,1
579,825571.7,961510.24,238210,2,5,0,18,12,109111.47,10.3174,10.2479,8,6,6,LLC,6,28.7,1,4,95589.57,90741.61,NY,1
729,678096.62,763205.83,531210,2,1,1,26,9.8,239612.9,5.2685,5.846,8,3,9,LLC,5,23.3,1,0,134734.07,131958.81,WA,0
576,2284419.93,2334169.19,445110,3,5,1,18,8.1,194133.35,19.9277,22.1053,1,4,2,LLC,7,1,0,3,142166.86,129921.42,IL,1
683,739871.7,916230.11,236220,2,2,1,9,12.5,310088.24,5.5773,5.9561,8,1,7,Partnership,4,42.7,0,1,154738.96,155062.33,IL,0
621,1520162.43,1520905.94,445110,2,3,1,0,10.8,237788.1,9.7695,9.0215,3,5,6,Partnership,6,13.8,1,1,168676.38,169141.21,GA,1
679,732255,756709.92,445110,1,4,1,16,0.5,136558.09,10.5092,9.6957,3,5,1,Partnership,4,26.4,1,2,126207.82,123477.94,FL,0
690,2512438.59,2383432.96,445110,2,1,0,4,9.9,128353.11,11.8762,12.0022,2,6,5,LLC,3,26.6,0,0,117278.83,118218.27,TX,0
665,366016.26,386251.62,484110,6,1,0,25,7.3,224101.74,10.4202,10.879,6,6,6,Partnership,1,26.3,0,2,184910.75,166924.2,TX,0
714,1058945.36,1178399.06,621111,2,5,0,13,17.3,140734.2,10.054,9.7163,6,4,4,Sole Proprietor,4,1,0,0,91381.48,87313.87,OH,0
538,863447.37,937771.33,621111,6,3,0,15,13,134076.32,12.704,14.1439,1,4,6,Corp,7,42.3,1,2,67750.74,65991.25,TX,1
643,731024.22,793140.11,722511,4,4,1,1,11.4,132498.02,6.8503,7.0106,2,4,6,Partnership,8,34.2,1,1,60878.87,60034.82,FL,1
698,1553802.37,1437627.92,621111,5,4,0,8,15.6,162547.4,13.1197,13.0997,5,5,7,LLC,4,23.5,1,0,86056.6,79035.2,FL,0
592,497094.72,476492.76,445110,3,5,0,7,0.5,172175.56,7.8647,8.0493,4,2,8,LLC,9,47.2,0,2,122668.38,125132.33,WA,1
676,1518000.46,1683171.64,621111,6,2,0,25,9.2,109381.87,12.5304,12.915,1,3,3,Sole Proprietor,2,23.8,1,3,84390.97,85168.99,WA,0
615,458907.37,461885.89,445110,4,5,1,11,9.7,296241.12,16.9827,16.2409,2,2,5,LLC,5,24.8,1,0,148998.16,128586.27,FL,1
604,1250566.26,1352582.63,236220,6,2,1,14,6.9,349402.46,15.7646,16.9909,6,4,8,Corp,9,32.6,0,0,320040.31,298425.86,OH,1
602,780148.77,949266.7,445110,4,2,0,13,23.4,338877.18,13.9157,13.4019,2,2,2,Sole Proprietor,4,23.6,0,4,213962.91,212203.62,OH,0
576,725868.26,819162.76,722511,3,1,0,1,8.1,185051.16,14.6896,14.3279,4,5,6,Partnership,5,33.8,1,1,126008.48,111171.53,FL,1
593,355645.85,367995.68,531210,2,3,1,9,6.1,87065.16,12.3728,11.493,8,2,9,Sole Proprietor,8,13.6,0,1,48627.9,44286.24,NC,1
556,562475.68,693544.91,484110,6,3,1,3,10.7,124950.91,10.0012,10.8066,5,4,5,Corp,5,36.8,1,1,92767.15,95582.11,AZ,1
586,505519.26,552644.44,541511,3,2,0,0,11.5,393422.54,13.5283,14.5685,8,5,1,LLC,7,42.5,3,3,201817.97,175606.57,NC,1
641,597002.09,693963.21,621111,3,2,0,6,14.6,145999.18,8.4202,7.6426,8,5,2,Sole Proprietor,9,38,1,2,91553.5,86671.85,AZ,1
659,761211.55,833865.48,236220,5,3,1,1,8.4,165475.65,9.9334,9.5745,1,6,1,Sole Proprietor,2,8.4,3,1,91177.04,95413.5,AZ,0
687,568241.2,577706.15,445110,3,4,0,16,12.9,82496.31,5.9073,6.4205,6,2,8,Partnership,3,16,2,1,64622.22,63663.38,FL,0
686,513701.1,566765.6,238210,1,1,1,1,3.6,123689.47,12.2173,13.406,1,6,5,Corp,3,14.2,0,2,84010.41,75540.32,OH,0
702,2682290.13,3000108.26,621111,2,4,1,14,10,228188.27,8.8884,9.2362,2,1,7,Partnership,5,30.1,1,0,123568.81,128564.77,IL,0
530,671758.48,623525.1,236220,3,3,1,5,0.5,175056.37,16.1007,17.9596,4,4,6,Partnership,2,39.3,1,3,113369.54,113303.23,GA,1
599,795604.61,709617.54,541511,6,4,1,3,15.1,164696.9,11.5094,11.1049,2,2,7,Sole Proprietor,7,27.5,0,1,143095.21,141030.76,WA,1
664,1151579.96,1209463.37,238210,6,3,1,0,5.5,114267.76,21.5038,23.8193,2,6,1,Corp,5,51.2,0,1,82745.47,77387.61,IL,1
596,1541265.84,1874141.66,445110,3,4,1,8,11.1,102085.43,14.66,15.9166,2,6,9,LLC,9,33.5,2,1,71673.23,62437.53,IL,1
618,1253559.83,1268577.52,541511,6,4,0,5,11.5,250520.48,7.7543,8.1756,8,1,9,Corp,4,19.8,1,1,199053.46,191995.95,FL,0
653,1805790.52,1561790.22,445110,5,3,0,6,16.5,342988.19,8.7899,8.3831,3,2,5,Sole Proprietor,4,19.3,1,4,312838.09,320883.95,IL,0
625,274735.7,305928.1,541511,4,3,0,0,0.7,132732.21,9.3829,9.7438,3,1,5,Corp,5,20.7,2,1,86461.43,77998.4,WA,1
596,1488151.27,1354285.93,722511,6,5,1,22,6.4,183873.4,13.5903,13.0367,7,1,8,Corp,5,8.5,1,0,124080.14,116927.4,NY,0
702,984632.5,950328.06,531210,3,2,0,14,9.8,185483.35,9.2135,10.3474,6,6,8,Sole Proprietor,4,40.4,1,1,98450.22,88135.18,AZ,0
727,964481.67,927203.04,621111,2,3,0,18,17.2,75098.93,14.2599,13.0278,2,4,5,LLC,2,17.7,1,2,65584.04,57561.12,WA,0
637,535082.3,653035.55,238210,4,2,0,4,11.9,127384.84,4.1374,3.9264,2,5,9,LLC,7,31.9,0,0,111870.18,99195.1,OH,0
606,796294.24,883640.6,236220,2,2,0,14,11.3,192930.85,9.1764,10.3725,1,1,9,Sole Proprietor,5,12.9,1,2,176455.43,158014.99,IL,0
725,1425154.59,1596418.71,445110,3,2,1,22,12.1,276880.28,10.2593,11.4394,8,3,7,Corp,1,27.4,2,0,247956.21,257422.59,CA,0
567,1745338.02,1584204.91,722511,5,3,1,13,0.7,191398.73,8.6505,8.661,1,3,8,Corp,7,55.9,0,0,174278.37,157089.19,GA,1
620,1201961.65,1467887.62,236220,5,1,1,1,5.7,137102.88,14.006,13.7487,1,6,1,Sole Proprietor,3,32.9,2,0,90256.5,94700.84,GA,1
753,621970.31,583202.35,621111,5,5,0,6,8.3,104303.85,12.842,14.3219,1,1,5,Corp,3,24.9,2,0,52360.08,51932.4,GA,0
685,976616.13,1085289.04,238210,3,3,1,14,2.6,178156.04,6.7434,7.3573,7,1,6,LLC,4,30.7,1,1,164637.69,155011.14,OH,0
672,2016046.85,2040024.16,621111,1,1,0,16,11,295372.82,8.8534,9.5331,6,3,9,LLC,1,31.2,1,0,186433.48,160647.76,TX,0
512,481363.87,529592.33,445110,1,1,1,18,7.8,46620.45,13.9167,13.4962,8,2,1,LLC,6,47.1,2,1,28702.38,25761.34,NC,1
756,749643.11,772829.9,531210,6,1,0,22,11.7,116007.91,16.2135,16.2172,3,3,7,LLC,2,13.7,1,1,90576.55,78852.54,NC,0
564,1904722.9,2153012.27,531210,2,3,0,24,12.6,282358.05,6.1639,6.1306,3,3,7,Sole Proprietor,7,31,1,0,181664.71,189561.55,OH,0
619,922380.58,986506.83,238210,6,3,1,16,14.5,144161.46,9.5145,10.1033,7,5,3,Corp,4,12.2,0,2,135265.37,138641.75,CA,1
610,864707.87,787863.56,621111,4,5,0,18,12.5,215375.05,10.0308,9.5542,5,1,2,LLC,8,17.2,1,3,139617.29,143812.85,WA,1
648,366170.41,311389.85,445110,1,1,0,6,5.9,349083.42,9.5057,9.8613,1,2,3,Corp,6,21.6,1,0,194927.16,176392.32,AZ,1
799,1472163.86,1690418.32,445110,5,1,0,8,5.6,117150.78,7.6017,7.0807,7,4,5,Corp,4,8.6,1,0,99346.34,93356.04,IL,0
546,177766.12,192127.81,541511,1,4,1,13,13.4,101458.11,16.2759,16.6703,1,5,9,Partnership,6,30.5,0,3,88182.91,83930.27,AZ,1
550,596163.1,624173.93,236220,1,3,0,9,6.8,82059.1,18.9444,17.6137,5,2,3,Partnership,4,57.5,3,0,51421.91,50696.71,FL,1
702,431839.79,513411.79,621111,3,4,1,5,16,122646.11,6.6351,6.8595,3,3,3,Sole Proprietor,4,32.4,0,0,116373.64,100049.98,AZ,0
616,505140.69,438749.86,531210,4,2,0,15,7.5,149176.45,5.2122,4.9492,5,3,9,Sole Proprietor,6,18.7,3,2,111285.85,95161.23,TX,1
613,333209.09,388528.03,238210,2,2,0,2,11.3,157868.47,13.7306,12.9816,3,2,9,Corp,6,5.6,2,1,95921.57,88330.18,WA,1
685,831269.41,726429.3,722511,6,3,1,8,6.9,140364.23,12.1945,11.0917,5,6,7,Corp,6,22.4,0,4,83575.4,86602.29,NY,0
649,851558.07,962549.93,531210,5,3,1,17,13.3,129585.92,6.3673,6.0357,5,1,7,LLC,2,11.9,0,2,82702.09,70436.3,NY,0
590,2171257.99,2176916.57,236220,3,3,0,7,21.4,83569.16,9.2338,9.6137,7,5,4,Sole Proprietor,4,34.6,1,2,76407.06,77139.52,WA,1
682,392582.24,467707.26,445110,2,5,0,15,12.3,124561.83,15.889,15.4178,1,6,3,Corp,3,25.7,2,2,57972.19,54339.85,GA,1
611,1644451.01,2044639.85,484110,4,2,1,19,19.6,415631.02,5.5965,5.2601,7,2,7,Partnership,4,22.4,0,1,201075.46,204580.04,AZ,0
597,1088870.57,1171604.67,621111,5,3,0,18,0.5,131541.67,12.144,12.5238,6,5,4,Corp,5,20.4,0,0,63188.26,65121.26,CA,1
610,1135352.09,1157764.88,445110,3,2,1,18,0.5,130337.39,8.4192,9.241,3,4,3,Partnership,6,19.4,1,2,121631.74,105004.39,GA,1
685,607450.71,549858.86,238210,4,1,0,4,21.3,129238.37,9.6656,10.2768,5,2,9,LLC,4,11.9,1,3,111712.25,107009.96,IL,0
621,2011241.3,2142295.41,238210,5,3,1,30,9.4,119282.52,14.3208,16.083,8,3,1,LLC,7,25.3,0,3,97403.63,90301.78,OH,1
617,410234.61,501762.82,621111,3,4,1,21,8.3,200605.46,12.593,12.7538,3,6,6,Corp,7,23.1,2,4,131263.11,122902.15,IL,1
608,650366.16,722916.23,236220,6,5,1,18,8.2,115913.35,9.6964,10.5931,7,4,5,Sole Proprietor,4,18.4,2,1,93625.37,92216.23,AZ,0
584,376520.63,388385.73,541511,4,3,1,21,12,456198.09,16.27,18.5053,7,3,4,Partnership,4,35.9,3,1,217033.79,189973.56,TX,1
670,1181638.91,1351639.77,621111,3,3,0,24,17.3,287983.1,13.6287,14.0625,7,5,3,Corp,4,29.7,0,0,261682.3,251130.4,CA,0
681,349770.1,326040.34,531210,6,1,0,5,9.5,181700.2,7.8711,7.2804,8,5,1,LLC,5,38.6,0,2,86786.41,79971.42,TX,1
587,891557.31,1063298.05,531210,5,1,1,21,9.6,161046.09,12.9134,12.4116,4,3,7,Sole Proprietor,1,33.3,1,2,152744.92,140460.28,NC,1
683,125094.74,156085.63,484110,3,1,0,14,11.5,45479.38,15.783,15.1658,7,1,7,Sole Proprietor,6,49,2,2,32949.39,32777.57,NC,1
610,633757.51,615992.57,445110,1,4,0,0,1.9,82491.39,9.0458,9.1123,4,5,7,Corp,9,43,0,2,62234.38,60930.22,TX,1
609,554576.78,471573.18,484110,4,2,1,11,14.3,183070.57,12.5145,11.6503,3,3,2,Corp,6,17.7,0,4,149667.55,148521.61,FL,1
538,1464725.84,1814387.42,722511,5,4,1,9,8.9,69052.52,16.8597,17.0975,4,6,4,Corp,8,31.5,1,3,58549.23,56156.63,FL,1
563,498375.01,424360.22,722511,6,2,1,12,12.8,164480.87,13.57,15.5143,2,4,6,LLC,3,13.9,2,1,154356.88,140774.9,OH,1
645,1398941.08,1394113.14,541511,5,2,1,2,9.9,70571.24,12.3155,12.1055,1,4,7,Sole Proprietor,8,6.3,0,3,36190.81,33766.81,GA,1
727,1370114.36,1355342.41,531210,4,4,0,5,10.4,210074.52,10.1569,9.4028,6,1,4,Sole Proprietor,8,11.1,0,4,181910.27,169273.35,GA,1
628,746227.18,790163.19,722511,5,5,0,9,1.4,141524.93,5.2326,5.5479,8,4,8,Sole Proprietor,5,47.4,1,0,127342.52,121564.75,CA,0
540,1711640.13,1505004.5,531210,2,1,1,13,25.5,127299.05,12.5528,13.8563,2,6,3,Partnership,2,38.9,1,1,79499.98,72198,IL,0
635,584563.35,727560.35,236220,6,2,0,14,14.4,248719.67,10.8366,11.892,4,5,5,LLC,4,13.3,0,0,207941.16,191304.91,NC,0
827,1168065.12,1423029.92,621111,5,3,1,23,14.6,469786.12,12.3451,12.5254,7,3,2,Sole Proprietor,5,42.8,0,0,223305.83,210179.86,OH,0
667,1124553.34,1208295.53,722511,1,2,1,27,10.9,73061.82,10.7142,11.6493,2,5,1,LLC,4,37.6,0,0,54266.28,55217.27,GA,0
615,1461274.2,1760242.58,722511,4,2,0,26,13.3,183904.17,9.1905,9.2212,2,6,1,LLC,1,31.1,0,0,136716.96,133215.58,IL,0
556,273769.51,250502.39,445110,4,5,0,0,9.7,125262.84,12.795,14.1126,6,6,2,Corp,3,11,2,1,63892.64,62847.28,GA,1
751,414027,374886.64,484110,4,3,0,22,10.3,289860.64,3.5,3.3438,1,6,3,Sole Proprietor,6,26.9,1,1,190110.28,173667.43,AZ,0
640,991197.3,1096386.29,531210,5,2,0,13,9.8,104804.75,6.3227,7.0992,8,2,3,Corp,4,48.7,1,0,86301.66,90412.05,IL,0
715,534350.43,587492.67,238210,3,1,0,10,13.4,264829.9,10.9076,10.2912,1,1,2,Corp,8,29.2,1,1,159443.33,161341.71,TX,1
685,541950.85,639375.84,722511,5,3,1,18,9.2,62690.86,9.9883,10.6678,6,1,5,Sole Proprietor,3,23.3,0,0,47186.41,41597.96,CA,0
616,427096.43,504279.56,238210,6,1,1,10,7.8,144456.09,10.3003,10.9929,5,6,1,Partnership,7,26.6,0,4,80500.97,77484.96,OH,1
539,1045917.87,1139664.94,541511,5,1,1,4,9.1,134215.99,10.4963,11.5705,5,2,6,Sole Proprietor,4,30.6,1,3,106999.45,94781.13,WA,1
618,737711.41,645518.47,484110,1,5,1,4,4.7,166262.33,14.9068,14.7268,1,2,7,Sole Proprietor,7,28.6,1,2,128802.82,133394.34,WA,1
627,759832.76,754672.46,445110,5,4,0,16,16.8,198611.2,11.0343,11.3656,2,1,2,Corp,5,4.9,1,3,132641.69,134099.42,IL,0
695,759497.14,914834.58,238210,1,1,1,31,7.4,61093.77,7.2495,6.9578,4,1,1,Partnership,4,27.1,0,0,39136.95,38923.48,OH,0
670,493640.62,477416.71,541511,2,4,1,14,15.1,218227.57,9.2849,10.2278,8,3,5,Sole Proprietor,1,48.3,0,2,121670.23,127717,OH,0
641,952784.06,1087557.93,531210,2,4,0,15,8,182647.85,8.3391,9.3684,5,3,4,Partnership,2,32.7,0,1,168761.52,176941.21,OH,0
671,1905931.12,1793847.98,541511,3,2,0,20,7,212726.23,7.2515,7.3541,1,1,1,Sole Proprietor,4,35.6,0,3,172747.75,150851.98,OH,0
642,1021930.73,933675.82,445110,1,3,1,11,4.5,120785.7,12.0191,12.6768,5,2,6,Corp,5,11.9,1,2,96870.06,88343.79,TX,0
544,505679.84,569791.36,722511,4,5,1,8,11.9,134984.16,10.7284,11.8936,1,3,5,Corp,7,8.7,2,2,110717.07,114634.91,OH,1
713,1108437.27,1336427.31,238210,5,4,0,12,9,114818.81,11.5754,10.4307,2,4,7,Partnership,6,13.9,1,1,81754.71,76531.39,CA,0
643,820736.88,886665.56,238210,3,5,1,0,8.4,57012.87,12.2466,11.9289,5,1,4,Sole Proprietor,5,27.3,1,2,37623.09,33568.98,WA,1
622,298852.86,365860.68,722511,1,2,1,12,15.7,202082.02,15.4914,16.2109,2,3,2,Corp,5,40.1,0,2,108311.96,111350.41,GA,1
561,570076.78,539636.61,531210,3,1,0,14,11.3,82400.34,12.4297,11.3929,6,1,2,LLC,3,1,2,0,40511.69,35210.83,GA,1
720,750892,700212.73,541511,6,2,1,9,14.7,143012.44,8.3363,7.829,4,1,1,LLC,4,10.7,1,3,133317.86,114633.74,FL,0
772,1144448.62,973643.23,238210,4,4,0,5,11.9,228127.6,9.2339,9.9884,3,5,2,Sole Proprietor,5,27.6,0,0,151993.15,132194.32,CA,0
590,1038213.45,1158377.9,541511,1,3,0,8,6.4,145385.5,7.6258,7.6146,4,2,2,LLC,5,9.1,0,2,118879.35,124623.7,IL,0
574,671059.56,777846.13,238210,4,5,1,12,10.2,140350.07,19.2317,19.3611,6,1,4,Sole Proprietor,2,43.9,0,3,66211.8,67820.91,AZ,1
642,1444073.85,1398620.93,621111,1,3,0,15,11.3,109843.45,9.1026,8.2054,6,1,9,Partnership,5,34.6,1,2,81325.84,84671.76,NC,1
664,3695798.36,3505090.56,541511,1,3,0,20,10.7,121401.84,5.1647,5.0264,5,5,7,Corp,6,26.1,0,2,59269.61,57046.27,GA,0
671,1297571.12,1169917.35,484110,4,5,1,9,18.2,188038.5,7.3779,6.7497,2,4,8,Corp,8,16,1,0,173045.25,160050.58,WA,0
628,466716.21,541151.97,445110,6,4,0,0,9.2,107118.65,16.9606,18.6603,6,3,1,Sole Proprietor,5,10.9,2,2,50811.65,44300.46,NY,1
587,746778.92,763917.03,541511,2,3,1,17,3.9,129269.34,12.7959,11.8212,4,6,7,Sole Proprietor,5,51.7,1,2,108448.89,110040.03,NC,1
704,787993.03,765122.37,445110,6,1,1,27,14.1,40793.01,7.3825,7.7738,6,6,2,LLC,1,50.1,1,0,38145.54,34182.28,NC,0
627,1712039.59,2073511.66,238210,5,2,0,11,7.6,223003.24,6.022,6.1494,5,1,9,Corp,4,36.5,1,0,173168.76,170492.93,WA,0
597,1481245.65,1623525.57,541511,3,4,0,0,20.1,121991.01,18.8035,19.7449,1,4,1,Sole Proprietor,7,11.3,1,5,66147.89,57476.64,AZ,1
640,1970235.41,2391497.43,238210,2,5,1,5,16.1,438694.26,12.4019,14.0789,2,1,4,Sole Proprietor,3,10.8,2,0,317046.95,292901.99,OH,0
500,641899.98,680952.69,621111,5,5,0,17,0.5,109908.99,17.8061,18.1518,3,4,8,Corp,8,39,2,0,50220.04,48732.1,WA,1
679,1443280.23,1389992.74,484110,1,3,1,9,6,129718.14,7.1698,8.0615,2,5,3,Partnership,7,17.2,0,0,108065.39,99427.95,IL,0
605,702193.73,610641.49,238210,5,5,1,5,15.8,83036.14,8.5865,9.3916,8,5,8,Corp,6,15.6,4,3,77958.87,71376.24,FL,1
622,2762593.84,2862967.46,236220,2,5,0,12,12.1,152046.93,11.5144,12.1853,4,2,9,Corp,4,21,2,0,73602.41,71294.18,GA,0
705,693312.54,690412.36,445110,4,1,0,8,11.8,144694.25,6.168,5.6298,2,3,8,Corp,3,38.2,0,0,84228.37,86592.79,NY,0
699,760392.2,866225.01,541511,2,4,0,3,26,202134.05,9.5662,9.9845,7,5,2,Partnership,2,33.3,0,1,140037.79,145489.28,NY,0
625,848775.57,778803.6,541511,5,2,1,21,14.3,183171.08,6.7538,6.8349,7,1,5,Partnership,3,24.1,0,2,122258.6,117184.54,TX,0
651,3750159.91,3771123.46,621111,5,3,0,11,13.2,208290.82,10.4046,9.8966,2,1,9,Partnership,5,16.6,0,1,182545.39,187633.96,AZ,0
638,785640.3,860074.02,541511,5,1,0,6,16.3,170607.68,12.1532,12.5156,8,4,1,Corp,6,21.5,2,2,91229.28,95546.79,WA,1
662,1341950.78,1642681.71,238210,1,5,0,0,6.9,132117.99,10.8397,11.9029,6,3,3,Partnership,7,31.3,0,2,107353.42,102182.91,WA,1
548,480429.9,458465.38,722511,1,4,1,6,7.1,140725.23,12.7565,14.1663,2,5,3,Sole Proprietor,6,18.2,1,2,87676.31,82725.27,GA,1
716,759684.63,723082.82,621111,3,1,0,24,3.3,61682.07,5.9813,5.7748,2,2,6,Corp,4,16,1,2,44323.89,40306.98,FL,1
734,917281.06,1048764.52,236220,4,2,0,35,6.2,203159.97,14.4129,15.2011,3,1,5,Partnership,3,12.8,0,1,166138.84,160233.66,WA,0
732,709753.03,841612.99,621111,6,1,0,5,14.1,116545.89,11.1751,10.5397,3,3,1,Corp,3,25.3,2,2,80968.04,80303.77,TX,0
720,1947927.55,2244981.18,236220,1,1,0,22,19.5,427471.88,8.7594,9.652,3,6,1,LLC,3,32.6,1,2,210810.16,205799.85,NY,0
655,1609181.38,1630259.95,531210,5,3,0,9,4.9,352335.55,8.3458,8.9724,8,3,9,Sole Proprietor,4,29.5,1,1,205286.75,175375.56,IL,0
610,613329.96,607119.49,445110,5,1,1,22,0.7,51572.25,8.5669,9.6572,5,2,8,Partnership,4,12.3,1,0,37671.44,33383.01,CA,1
746,1278641.67,1314145.28,238210,2,5,0,21,13.9,202760.02,10.6481,11.8587,3,4,2,Sole Proprietor,4,14.1,1,3,95567.76,98063.76,GA,0
618,765289.82,931892.06,531210,1,5,0,13,6.9,44862.38,16.2961,16.3094,1,5,1,Corp,7,5.8,1,1,26636.43,23570.77,NY,1
662,665418.64,610854.45,531210,5,1,0,5,7.1,386262.06,9.2783,10.5394,3,5,9,Corp,5,22.1,2,2,332171.01,301959.77,OH,1
703,474497.07,452769.14,722511,5,2,0,22,19.7,142845.04,9.4792,10.2846,8,5,1,Sole Proprietor,4,34.8,0,2,134116.4,123732.53,GA,0
590,344692.83,339254.64,484110,2,5,1,18,14.2,162821.71,13.9794,14.0454,4,6,5,Corp,7,24.5,3,2,119971.16,107189.82,OH,1
721,1704027.74,1969310.36,445110,5,2,0,1,9.6,210519.01,12.4174,12.1597,5,6,9,LLC,1,22.3,0,0,157506.84,158686.28,WA,0
724,937889.07,1126760.7,236220,1,2,1,14,5.4,178423.48,4.4236,4.1127,3,4,1,LLC,3,48.4,0,0,80748.67,82316.23,OH,0
631,1440779.74,1742407.2,531210,2,3,1,5,6.5,274746.93,14.717,13.4924,6,4,1,LLC,7,13.4,0,5,172426.35,162165.27,GA,1
594,465019.12,482638.29,531210,5,4,0,7,10.9,196022.56,13.8967,15.4699,6,5,3,LLC,4,21.9,1,2,166340.17,156374.26,AZ,1
703,438529.88,519158.51,541511,3,1,1,19,13.9,331625.07,9.4249,8.8445,8,6,1,Sole Proprietor,5,29.7,2,1,187800.24,170446.89,TX,0
757,1304492.7,1319502,621111,4,3,1,16,18.6,279526.4,7.0537,7.8944,4,2,4,Sole Proprietor,4,1,0,1,178890.91,184467.14,AZ,0
639,1098246.97,1363767.38,238210,2,5,0,14,17,106506.29,11.6895,10.9379,1,1,2,LLC,6,19.5,0,2,52930.28,51931.41,IL,1
621,279804.95,284162.27,531210,4,4,1,10,9.2,111962.63,15.2199,15.8453,7,4,5,Corp,7,24.8,0,1,79458.54,81957.7,WA,1
569,155101.13,156407.4,531210,4,5,1,1,9.8,130198.24,18.6787,19.9013,8,1,1,Partnership,5,31.7,1,4,82811.26,83312.1,WA,1
630,433486.82,445525.17,484110,5,3,0,0,0.8,185299.6,14.3796,14.1485,2,6,3,Sole Proprietor,5,23.1,1,2,159016.44,143602.74,GA,1
668,445611.38,423621.54,541511,1,1,1,19,3.6,217282.82,8.3859,8.6112,6,6,2,Sole Proprietor,5,30.4,0,0,185596.92,161147.91,AZ,0
651,239438.83,298953.07,531210,3,3,1,20,10.9,389592.9,10.9455,10.6095,7,4,1,Sole Proprietor,3,41,0,1,253414.48,258516.59,AZ,0
636,922255.34,1151915.37,238210,5,1,1,15,15.8,161692.58,8.1164,7.4953,6,2,7,LLC,2,6.7,0,3,99407.25,94146.91,FL,0
589,368616.98,326034.01,541511,3,4,1,16,5.9,259207.37,11.2164,10.9302,3,1,8,Partnership,3,33.2,1,0,117880.67,122608.98,GA,0
621,850441.17,943737.61,531210,2,2,0,7,9.4,358762.28,8.0736,8.1573,7,2,1,Corp,8,40,0,2,301289.84,268840.71,IL,1
706,1541272.14,1477076.01,541511,6,5,0,18,5.2,100871.69,15.8678,16.5744,6,6,6,Partnership,4,18.1,2,0,61939.97,52858.22,CA,1
639,2066120.91,2171851.64,722511,1,5,1,21,24.5,226019.33,11.6056,10.7373,6,5,9,Sole Proprietor,3,26.2,0,0,214177.64,210280.38,NY,0
553,1058562.17,957577.13,445110,4,4,1,5,7,192651.47,11.0179,10.679,2,4,5,Partnership,5,23.7,1,1,175951.27,184118.7,WA,1
546,883541.19,1001597.71,236220,1,3,1,13,2.7,177350.6,15.3237,14.8904,6,6,6,Corp,9,17.4,1,3,129160.49,111273.21,GA,1
707,1433993.14,1584637.97,531210,1,5,1,7,15,574183.59,8.856,8.5421,4,4,8,Sole Proprietor,3,29.8,0,0,275474.66,285866.28,NY,0
603,480366.38,521225.3,531210,2,2,0,11,9.8,328039.55,13.3144,13.917,8,3,4,Partnership,6,45.6,0,1,228642.06,209429.78,AZ,1
555,454428.33,525285.15,236220,6,3,1,7,4.6,267885.23,8.5661,8.1791,2,2,3,LLC,7,40.1,1,1,203194.02,175691.54,AZ,1
616,1411727.22,1690889.7,621111,4,5,0,8,10.5,195862.76,14.708,16.6451,1,4,6,Corp,8,28.5,2,2,129776.78,110324.65,NY,1
740,556645.8,610548.42,531210,4,3,0,13,12,119922.95,13.2126,15.1792,8,1,8,Sole Proprietor,7,35.7,1,2,68301.35,62421.95,NC,1
694,1227835.65,1174311.35,621111,2,4,1,17,12.9,252841.38,6.0402,6.2407,7,1,6,Partnership,4,6.7,1,1,238875.3,205211.51,CA,0
574,452432.25,523932.96,445110,1,2,1,15,0.5,201733.34,14.1374,12.8444,6,5,7,Partnership,6,46.5,2,2,121893.3,126262.98,WA,1
576,1667827.47,1907076.96,621111,2,4,1,2,2.3,272245.78,5.6143,6.0848,6,4,2,LLC,6,32.7,2,3,172457.84,172276.81,FL,1
625,1049390.85,992774.75,445110,1,2,0,13,4.7,216375.88,8.9868,10.228,6,2,6,Corp,7,21.1,0,3,158695.04,147248.8,TX,0
637,530474.79,489822.42,541511,2,3,1,5,11.3,427011.23,7.4813,8.1361,6,5,9,Sole Proprietor,1,53.4,0,1,327908.04,334618.87,NY,0
620,1485999.93,1829781.04,238210,3,2,1,8,11.8,267680.77,11.0437,11.3498,8,2,6,Corp,6,18.8,1,3,193319.38,172922.73,GA,1
616,361826.71,381699.46,531210,4,1,1,21,5,123158.46,8.5494,9.1143,4,1,3,Sole Proprietor,5,7.8,0,1,109378.44,109649.42,WA,0
651,1200658.13,1192605.84,722511,5,2,0,24,12.4,129167.65,7.5397,7.8975,5,1,5,Sole Proprietor,5,22.5,0,0,97630.23,83302.53,IL,0
605,1970932.19,2451454.57,445110,4,4,0,7,5.5,126406.04,13.224,12.2418,1,2,9,Partnership,6,40.1,2,3,98945.63,91990.65,GA,1
654,1497541.36,1326263.83,541511,5,4,0,9,3,72283.1,5.5257,5.2149,4,6,4,Sole Proprietor,5,24.5,0,2,68384.48,62455.96,IL,0
657,829754.98,1016324.71,484110,1,5,1,11,11.4,271008.52,5.2239,5.1541,6,2,7,Sole Proprietor,4,32.1,1,1,230155.23,219878.15,OH,0
706,1194248.6,1054690.73,541511,4,5,1,26,13.4,310305.71,7.7854,7.4488,8,2,4,Partnership,6,10.5,0,0,146112.45,136979.56,FL,0
577,755099.1,839827.28,236220,4,2,0,19,10.9,161667.51,8.5211,9.0606,7,4,5,LLC,8,19.1,1,1,144904.42,142172.26,FL,1
685,1877083.62,1702035.55,445110,1,2,1,19,4,129027.32,3.5,3.4168,2,2,9,Partnership,4,23.3,2,0,80406.62,80484.13,GA,0
702,2331243.3,2247057.38,484110,2,1,1,18,7.3,173567.25,10.055,9.8184,6,2,7,Sole Proprietor,2,16,0,0,101199.52,94127.05,WA,0
620,627996.16,721203,531210,4,2,0,2,7.6,243314.22,7.068,7.5259,7,4,5,LLC,9,14,1,1,158266.95,165668.2,NY,1
700,1394207.75,1521554.99,541511,1,1,0,3,12.8,94743.9,11.2215,11.8096,2,2,1,Sole Proprietor,1,24.4,1,1,75046.72,69968.06,FL,0
586,1245800.28,1536496.72,722511,6,2,0,11,6.8,527453.84,12.1779,12.1729,4,1,9,Corp,4,14.6,1,0,241075.09,242518.13,OH,1
671,202397.93,208356.35,621111,5,2,0,10,12.9,102385.75,12.3059,11.9768,7,2,9,LLC,6,20.5,1,5,82805.47,86111.12,FL,1
618,371832.88,376890.44,236220,3,2,1,11,5.4,76409.89,12.397,12.2672,1,6,4,LLC,9,20.3,2,1,51424.67,53456.73,NC,1
779,1074704.78,1294799.2,445110,4,5,1,20,8.9,189800.49,9.4631,9.6294,5,1,7,Sole Proprietor,3,18.6,1,1,129678.28,110288.75,WA,0
639,368236.36,437702.56,621111,4,5,0,9,2.6,91263.71,8.3522,9.0056,2,1,5,Sole Proprietor,9,23.3,1,3,51244.08,47441.05,TX,1
700,1099061.54,1172347.58,236220,3,4,1,22,9.8,105329.34,9.0383,8.2753,3,1,5,Sole Proprietor,1,22.2,0,2,85455.57,80942.42,CA,0
575,1389462.56,1545404.68,236220,1,4,0,18,10.7,292438.18,13.835,15.1958,4,1,3,Sole Proprietor,6,22.7,1,2,159158.82,151029.7,OH,1
685,284492.2,248947.68,541511,6,1,1,11,14.1,102223.5,11.2875,11.6849,6,6,8,Sole Proprietor,4,38.9,0,2,53329.07,49454.12,IL,1
556,807565.57,821326.74,236220,3,4,0,12,3.9,148728.12,14.774,14.0432,4,3,7,Sole Proprietor,7,26.3,1,2,119279.74,101488.27,TX,1
643,2039277.44,2249434.75,722511,5,2,0,12,11.6,165089.09,12.2056,11.7259,4,4,7,Corp,3,31.8,1,0,146881.09,138719.9,FL,0
705,619944.2,556048.67,621111,6,1,1,27,15,643336.78,3.6674,3.5735,8,3,7,LLC,5,31.6,1,1,379873.43,377905.07,NY,0
704,824833.03,714458.19,531210,3,2,0,15,5.4,99988.03,14.9499,14.6518,4,1,7,Sole Proprietor,6,18.5,2,0,53232.8,54084.24,IL,1
678,795042.87,698345.58,531210,3,4,0,18,12.5,210374.7,7.2726,7.2093,1,1,9,LLC,5,10.9,0,3,140359.87,145173.32,AZ,0
587,273078.95,280060.1,541511,1,2,1,3,3.9,223924.29,8.9455,10.0551,7,4,2,Corp,7,23,4,4,153778.82,138923.04,AZ,1
685,1605516.1,1614472.86,722511,5,4,1,2,0.5,240164.55,15.9483,18.283,7,5,6,LLC,5,24,2,1,217075.22,208178.81,FL,0
652,576191.23,508545.7,484110,4,5,1,26,15.1,154726.04,10.3848,11.7907,7,4,9,LLC,4,32.1,2,1,82061.43,85574.81,AZ,0
709,655872.13,619750.79,238210,5,5,1,5,3.4,109742.43,14.9719,13.6359,3,6,8,Corp,7,22.9,0,3,81780.69,83696.28,CA,1
559,278801.78,248460.49,722511,3,4,0,8,3.3,187194.07,19.6063,18.3203,4,1,1,Corp,7,15.7,1,0,95719.2,83321.08,TX,1
563,999127.36,993358.45,722511,5,1,1,13,14.2,187699.79,17.5259,16.5912,2,5,5,Sole Proprietor,5,25.3,1,1,93203.21,94963.04,CA,1
646,368785.78,407607.97,445110,4,4,0,11,2.3,110692.83,11.3981,12.122,1,3,8,LLC,7,9.3,1,2,101363.38,105091.95,FL,1
735,1910489.34,2338379.86,236220,5,3,0,23,13.3,155266.04,10.6809,12.2087,8,6,5,Sole Proprietor,1,21.2,0,0,121589.03,116556.45,GA,0
647,1603284.2,1645001.72,541511,1,5,0,10,4.4,139404.2,18.7803,20.0362,1,1,6,Partnership,8,23,2,2,91958.05,90065.03,GA,1
591,706333.95,827906.83,445110,2,4,1,4,8.3,111501.46,14.5332,15.6473,8,3,1,Sole Proprietor,7,6.8,2,4,90574.38,91035.51,WA,1
565,452044.98,553366.11,236220,3,2,1,16,0.5,88301.95,16.7854,17.325,4,2,3,Partnership,7,23.3,0,2,67661.74,64437.01,OH,1
544,1244624.98,1136223.29,621111,2,4,1,0,2,45894.19,10.4609,11.9341,8,1,3,Partnership,5,4,2,0,23282.24,20401,NC,1
690,1758196.54,2142169.17,531210,6,2,0,18,13.9,88100.97,7.7919,7.3082,6,4,5,Partnership,6,33.9,0,0,42715.04,43461.86,FL,0
603,755463.28,876708.43,541511,1,5,0,23,11.5,185382.16,12.9827,12.9245,6,2,9,LLC,4,30.6,1,2,164049.9,141016.45,AZ,0
700,1712340.59,1525738.56,621111,6,5,1,21,17.6,175434.52,7.7702,7.7089,3,4,7,LLC,2,10.4,1,1,96759.67,83238.02,FL,0
597,307833.02,291247.62,484110,1,5,0,14,13.6,110103.41,12.718,12.2419,4,4,8,Partnership,3,50.3,1,1,62014.85,64381.76,AZ,1
564,299511.72,256476.39,236220,6,2,0,8,10.9,148631.34,16.517,17.4885,7,4,5,Corp,5,30.3,2,1,130878.25,124992.6,IL,1
595,684581.2,606857.79,238210,4,4,0,7,11,290566.85,15.0619,15.9598,4,4,3,Partnership,5,41.1,3,1,244872.48,234203.12,NY,1
689,1412950.33,1479334.48,445110,3,1,1,24,5.6,306512.87,9.971,9.212,1,2,9,Sole Proprietor,4,49.1,1,1,166580.42,166849.69,CA,0
783,3520442.11,4189755.55,238210,5,1,0,13,8.9,193115.98,10.1421,10.4588,7,1,2,Corp,3,25.1,0,2,139047.42,130538.23,NC,0
686,4238059.61,5221376.05,621111,6,2,1,7,10.8,134043.58,8.6399,7.8454,3,2,7,Corp,4,25.7,1,1,103708.16,104559.3,NY,0
618,836581.08,1008700.37,445110,2,1,1,25,12.3,68887.64,8.8628,8.4387,1,1,9,Sole Proprietor,3,43,0,0,34423.25,33967.64,NY,0
699,692307.83,650133.81,722511,1,3,1,12,12.3,144218.21,12.0248,13.0904,6,4,7,Partnership,4,38.8,2,3,136909.91,118906.08,IL,0
535,366817.96,457901.62,722511,6,5,1,9,1.6,94192.16,14.9344,14.4822,7,2,9,Partnership,5,43.7,2,1,81699.83,70687.53,OH,1
540,422742.39,373072.64,238210,3,2,1,12,14.5,113922.54,12.7596,14.3015,2,1,5,Partnership,4,9.5,1,0,72657.5,70807.84,AZ,1
670,209848.74,204876.54,445110,1,3,1,13,3.7,142677.21,8.0218,8.1125,8,1,7,LLC,4,38.3,3,1,101664.16,99687.55,NC,1
592,628736.88,728100.58,621111,6,2,0,14,9.7,318707.5,11.3012,10.6915,7,1,1,Sole Proprietor,5,22.7,1,3,165928.6,150202.88,TX,1
598,2457838.98,2138140.01,236220,6,4,1,21,8.3,166886.38,9.1315,10.1286,6,4,9,Corp,3,22.6,0,1,91101.02,82471.21,WA,0
658,2672175.21,3263652.77,236220,4,3,1,5,16.2,200066.15,3.5,3.9642,6,1,2,Corp,4,38.5,0,3,134834.43,128850.34,TX,0
663,1528142.15,1465213.08,722511,5,5,0,7,12.7,257684.34,7.9953,8.9046,5,6,1,Corp,4,25,1,2,243952.07,217218.57,OH,0
592,457565.21,427812.15,621111,5,4,0,12,3.7,76081.58,11.4724,12.8394,7,4,5,Partnership,5,34.8,1,3,50447.36,50328.11,IL,1
588,883072.15,751665,541511,5,1,0,20,13.3,86791.09,5.9402,6.4069,3,6,3,Partnership,4,26,0,2,63894.57,61856,WA,0
551,1443088.35,1250923.88,236220,4,3,0,1,9.4,113036,14.3531,13.3658,6,4,8,Sole Proprietor,4,29.3,1,1,77558.26,78081.35,IL,1
713,1860189.92,1847553.96,541511,5,3,0,20,15.2,160108.06,9.163,10.4887,2,6,1,Partnership,5,48,1,1,136834.36,139721.07,OH,0
671,1750234.55,1717890.2,722511,4,3,1,33,11.9,189154.38,11.1689,11.1096,1,3,6,Sole Proprietor,4,19.5,2,2,107541.07,103460,CA,0
732,1905608.83,2078676.06,722511,2,1,0,2,19,203263.72,7.0473,8.0002,4,5,3,LLC,5,26.2,1,0,133800.39,134056.22,WA,0
699,1011237.26,1035636.45,541511,5,2,1,2,10.4,106487.83,7.4506,8.3624,3,2,9,Partnership,5,32.7,0,0,69664.84,67737.81,FL,0
500,791238.67,874410.52,484110,3,2,1,10,13.2,209664.99,12.1033,12.9865,2,2,7,Partnership,6,15,0,2,121578.67,106629.88,AZ,1
741,726467.86,870701.19,541511,5,4,1,22,9.3,167221.92,9.9201,10.3845,7,3,5,Partnership,1,6.5,0,2,89517.95,76479.82,OH,0
707,1934418.45,2394435.73,445110,5,4,1,40,14.7,134228.12,7.9762,7.2512,2,1,2,Sole Proprietor,3,25.3,1,1,95886.41,98095.43,NY,0
525,261583.61,317417.87,621111,5,4,0,1,11,106733.25,9.3941,9.4586,6,1,5,LLC,4,19.3,1,2,56171.87,53574.16,AZ,1
587,1067228.28,1331308.27,621111,5,1,1,26,8.4,260643.57,8.8704,8.2568,6,2,8,Sole Proprietor,3,39.9,2,1,211297.27,199473.51,FL,0
639,797148.38,774003.91,238210,5,3,1,8,5.2,100630.37,8.4897,9.537,4,3,8,LLC,6,28.2,1,0,52266.59,52298.28,IL,0
713,465980.41,526166.54,621111,6,5,0,24,18.8,125678.64,7.121,6.6951,3,4,1,LLC,5,8.4,1,0,88165.25,77393.06,WA,0
666,2412440.52,2777438.27,621111,5,4,0,19,15.3,299726.29,5.9393,6.262,1,1,3,Corp,5,19.5,1,0,135519.13,133957.12,GA,0
585,626351.87,588887.14,236220,3,4,0,13,4.2,32568.63,11.7588,12.0838,2,6,6,Sole Proprietor,5,34.4,1,3,15416.44,15870.92,IL,1
596,3983787.1,3524032.88,531210,4,5,0,10,10.9,200436.72,8.7297,7.9465,7,3,2,Partnership,6,45,1,2,94208.39,97372.71,TX,1
599,1666559.77,1565173.82,445110,4,5,1,8,8.8,197567.93,12.5088,13.9481,7,3,6,Corp,5,22.4,2,1,113204.37,118180.02,AZ,1
631,318913.12,273013.88,531210,1,4,0,22,3,199023.15,12.964,14.161,2,1,9,Corp,7,36.6,1,0,126679.7,112068.69,AZ,1
587,331629.5,359213.74,722511,3,2,1,17,4.9,81211.89,12.2271,13.5537,3,4,4,Partnership,5,39,0,1,52995.56,51498.99,AZ,1
612,1177733.39,1466347.54,484110,1,1,1,6,9.3,171428.01,12.8075,14.2249,4,4,3,LLC,7,11.1,0,2,115280,110599.35,IL,1
720,1337155.87,1472881.47,445110,5,5,0,27,11.1,97944.56,7.1378,7.4453,3,6,7,Sole Proprietor,4,39.5,1,3,82858.85,70475.55,AZ,0
723,976745.31,840161.49,621111,3,3,0,24,14.7,310488.88,8.0637,9.1092,6,2,4,LLC,2,15,0,1,236114.04,225958.15,NY,0
682,1159698.69,1332572.56,445110,6,2,0,2,0.5,190700.31,9.6023,9.7448,8,5,7,Sole Proprietor,6,16.1,1,1,94269,90026.31,CA,1
731,921557.26,1116836.58,236220,3,3,1,16,10.2,111936.37,13.7837,14.532,7,2,1,LLC,4,32.2,1,1,95293.5,89812.57,IL,0
653,318646.73,370183.59,621111,3,2,0,13,9.9,238047.98,13.5534,13.1254,2,5,1,LLC,6,33.2,2,2,162231.53,150000.26,AZ,1
581,673677.39,739304.41,621111,1,5,1,13,16.1,137786.65,13.5522,14.0636,2,2,1,LLC,7,34.5,3,2,120813.69,112283.15,WA,1
554,1041029.04,1166431.62,445110,2,4,0,14,3.8,151210.12,8.9087,8.7649,4,1,3,Sole Proprietor,6,25.2,2,4,104323.22,100646.47,CA,1
700,2204698.47,2147349.29,531210,5,3,0,15,9.5,432200.31,7.6034,7.1198,2,3,4,Partnership,5,31,1,1,369201.9,367038.63,TX,0
680,4119759.4,4736764.91,531210,2,2,1,6,18.9,443085.65,10.808,10.0347,5,3,2,Sole Proprietor,1,28.7,1,2,391007.31,371663.05,NC,0
517,508600.46,542151.01,445110,4,3,0,10,7.9,273720.14,11.1191,11.9465,6,3,7,Corp,6,30.5,0,3,233594.4,230871.53,FL,1
500,607045.09,675257.52,621111,1,5,1,3,12,101108.64,11.0988,11.5397,2,2,4,LLC,4,29.7,2,1,79172.36,69711.99,IL,1
675,591305.3,592803.2,621111,2,4,1,8,13.6,90029.17,10.6489,10.7945,3,1,3,Corp,8,50.3,0,2,73176.97,62210.52,IL,1
693,295311.58,311864.78,531210,3,5,0,6,4.1,164166.52,15.1945,14.056,4,1,8,Sole Proprietor,3,24.5,2,4,104889.08,100283.22,OH,1
551,932427.8,1077449.55,238210,3,5,1,17,9.9,146530.24,13.9629,15.15,6,4,7,Corp,8,22.2,2,1,101795.31,93455.54,GA,1
566,542528.45,575525.51,722511,2,1,0,7,11.3,227126.15,6.8488,7.3318,8,1,8,Corp,6,38.6,1,2,104191.84,103960.21,IL,1
574,967212.23,849166.05,621111,2,1,1,13,9.8,121425.71,8.9256,9.4402,4,4,5,LLC,6,41,0,2,73498.27,76923.86,WA,1
654,1581416,1567674.77,621111,4,2,0,19,4.6,357621.12,13.1307,14.7053,7,6,9,LLC,1,3.1,1,2,284507.47,286507.06,AZ,0
755,729667.51,819483.36,445110,4,5,0,20,16.1,238112.48,8.7801,9.4109,4,4,7,Sole Proprietor,3,34.1,0,0,116352.39,121678.01,CA,0
686,2583936.28,2929266.15,236220,2,1,0,6,4.3,94050.11,6.9108,7.4288,3,6,9,Partnership,1,2.7,2,0,67515.45,65103,NC,0
606,1833935.32,2092517.26,484110,1,3,1,19,12.3,115382.84,12.2133,12.5849,3,1,5,Corp,2,8.4,0,0,54006.01,49864.05,CA,0
526,890182.27,991865.23,621111,2,1,0,20,4.8,225784.56,12.8115,13.8347,6,1,3,Partnership,5,24.4,1,0,150236.7,128804.3,GA,1
576,787187.44,835808.58,621111,4,3,1,16,5.6,118932.78,10.4768,11.2122,4,5,4,Partnership,3,39.5,1,2,62667.68,62791.31,TX,1
606,497562.11,516179.89,541511,1,1,1,12,4.2,68670.26,10.9597,10.2686,8,1,4,Sole Proprietor,9,39.1,0,2,57501.13,52684.83,FL,1
655,462158.32,531699.31,484110,5,3,1,9,6.5,307617.43,8.9865,9.2307,4,4,4,LLC,4,35.9,3,1,192156.56,188447.22,TX,1
718,2320289.32,2219456.78,531210,5,1,0,24,10.3,273800.07,4.1695,4.4617,6,2,4,Sole Proprietor,3,1,2,2,204084.03,184987.83,FL,0
719,853486.28,868896.65,541511,5,3,1,18,10.9,255095.7,8.2656,9.3595,3,2,9,Partnership,7,7.9,0,2,125466.99,117490.07,CA,0
636,1090033.37,1185899.02,531210,2,5,1,8,11.9,212270.19,12.8788,13.6497,2,4,2,Partnership,8,46.8,2,3,113606.53,107268.35,AZ,1
686,1118102.31,1307600.27,531210,4,1,1,13,15.3,203564.14,10.377,10.6368,3,3,8,Corp,4,27.2,0,0,148888.25,135803.56,FL,0
570,1026268.55,1164265.87,236220,4,1,0,12,8.7,168801.35,7.7461,8.1962,4,1,2,Sole Proprietor,4,26.8,2,2,91717.55,95160.73,GA,1
681,2256635.55,2018748.88,722511,3,5,1,22,16.9,169722.55,10.2998,11.2974,4,4,6,Sole Proprietor,2,29.6,0,1,125546.6,128204.94,NC,0
605,743276.58,702687.9,445110,1,1,0,4,6.2,110897.33,20.2763,20.6309,6,5,8,Partnership,6,27.2,1,4,75793.21,71593.07,IL,1
801,2404888.78,2601882.18,722511,5,1,1,25,14.5,184081.06,5.9839,6.6444,8,3,5,Corp,5,3.2,1,0,157302.47,149598.02,NC,0
800,1063010.86,1151837.37,722511,5,5,0,23,17.6,165433.19,13.9368,14.0192,1,1,3,Sole Proprietor,3,40.8,0,2,148004.91,148829.86,FL,0
647,947943.68,1124550.36,541511,2,3,0,5,14.3,153061.75,12.1103,10.9324,2,6,6,Sole Proprietor,5,32.9,0,0,128334.23,128241.41,NY,0
724,469609.1,583944.76,541511,2,4,1,13,2.5,242831.31,13.7156,14.6321,5,2,2,Corp,6,18.4,3,4,134537.2,131218.17,WA,1
691,1138288.44,1019578.67,722511,5,2,1,25,3.9,183257.86,14.6092,15.1251,1,1,6,Sole Proprietor,4,29,1,0,103288.21,91532.07,CA,0
566,216628.91,233347.44,541511,4,3,0,3,10.1,88023.19,13.518,13.2557,8,5,6,Corp,9,50.2,1,3,50488.06,48544.55,CA,1
694,1009329.87,952304.5,621111,3,2,0,13,14.1,195464.91,9.1567,9.1254,4,2,8,LLC,3,22.1,0,2,167522.67,152151.3,NC,0
691,5611721.94,5373215.48,722511,3,4,0,12,16.9,187200.94,12.7939,12.5066,6,6,1,Corp,4,7,1,0,117410.01,110633.54,FL,0
610,269279.95,286117.64,531210,3,1,1,11,7.7,83091.68,12.0984,13.2691,1,5,2,LLC,6,34.2,0,1,56349.08,55331.33,FL,1
719,874924.65,1036186.73,236220,6,3,1,30,7.5,132655.38,6.095,5.8401,7,4,3,LLC,5,32,0,0,74857.97,67379.73,IL,0
657,1881914.45,2194705.15,621111,5,4,1,16,4.3,129464.06,3.5,3.8844,3,4,9,Partnership,4,28.5,0,0,70884.33,73511.85,IL,0
629,608610.35,689009.58,621111,1,3,0,6,15.3,286656.63,12.6918,11.5595,3,1,6,Sole Proprietor,8,34.2,2,0,153123.62,159692.77,OH,1
694,881719.76,943356.64,238210,4,3,0,30,15.4,645002.27,3.5,3.4932,8,5,8,LLC,2,21.8,1,0,476713.96,466122.85,OH,0
716,620899.06,769129.91,621111,1,1,0,21,11.1,258800.87,5.6423,6.0168,1,1,5,Corp,6,19.1,0,0,163109.53,160456.62,IL,0
581,386979.04,378710.7,621111,1,5,1,13,10.9,99538.47,7.3598,6.6444,2,1,9,Sole Proprietor,7,5.9,0,5,72819.14,74740.21,NY,1
694,1161015.34,1376744.37,531210,4,3,0,25,7.7,177109.66,8.6909,9.7391,8,2,3,Partnership,1,30.3,0,0,144465.55,145906.27,OH,0
682,538935.25,657920.91,238210,4,1,1,25,17.5,120666.02,10.4278,11.8043,5,3,5,Corp,2,30,0,1,80832.32,74763.25,NY,0
675,906984.75,778844.69,238210,5,3,0,9,12.7,83095.82,12.2099,11.9297,7,1,6,Sole Proprietor,7,38,1,0,59070.41,50386.55,GA,1
579,386204.24,392233.06,621111,2,5,0,3,10.2,88651.31,12.5401,11.3796,1,5,4,Corp,5,43,3,4,54006.34,54537.91,CA,1
659,425977.18,514336.35,722511,3,2,1,11,12.2,238883.11,8.2236,9.1292,1,6,2,Corp,5,22.8,0,0,118435.35,101822.59,GA,0
696,383812.9,342573.07,445110,6,1,1,11,13.4,173118.66,9.9266,9.6875,7,1,7,Partnership,4,12.3,0,0,138488.21,126628.88,IL,1
636,470600.54,460540.82,236220,6,2,1,13,11.4,273139.87,11.0777,12.5013,8,1,3,LLC,5,35.3,1,2,153116.94,151067.52,TX,1
692,1027985.86,1002393.11,531210,6,5,0,24,8.2,106122.88,6.9383,7.1484,7,2,1,Corp,8,13.5,1,0,84950.24,75728.42,IL,0
607,1022392.27,949161.4,621111,5,5,0,22,2.5,64617.77,16.6769,18.1655,3,3,9,LLC,6,40.3,1,0,38607.72,33049.57,AZ,1
657,648157.55,688693,531210,5,3,0,15,15.2,131268.54,9.0721,9.0329,8,3,7,Sole Proprietor,4,22.7,1,1,68741.04,71599.57,NY,1
608,815090.02,709767.96,722511,6,4,0,21,2.4,102664.43,12.686,14.0928,1,5,9,LLC,6,42.3,1,2,67566.67,58097.25,OH,1
645,275419.52,312476.13,484110,2,2,1,3,12.1,107931.33,9.0548,8.5335,2,2,3,LLC,7,38.2,0,1,89268.21,78621,OH,1
563,890194.31,982363.92,531210,4,2,0,11,0.5,115940.37,8.497,8.0255,6,6,7,LLC,7,40.1,1,3,94448.7,92423.91,OH,1
509,976953.22,880081.01,722511,5,3,0,7,6.7,259654.85,8.866,9.7299,8,3,6,Partnership,6,20.7,1,1,131811.91,137819.76,NC,1
597,971957.75,1111606.72,621111,6,1,1,5,9.6,116806.93,9.8208,11.2748,7,4,7,Sole Proprietor,5,20.5,2,0,61504.71,56354.02,NC,1
574,584544.24,577332.44,484110,5,5,0,0,6.2,264072.55,12.0845,13.2059,6,2,4,Partnership,6,50.2,1,0,244278.75,229071.18,CA,1
677,1071416.69,935979.24,621111,2,2,1,0,11.9,103575.94,15.2856,14.444,4,6,4,LLC,9,32.2,0,1,47147.67,45805.8,CA,1
630,1853454.72,2230599.38,621111,5,4,0,2,10.1,216371.82,8.1527,8.6838,6,5,9,LLC,1,16,0,2,198176.52,203514.63,AZ,0
595,691260.04,748458.77,621111,6,2,0,24,3.2,113679.71,10.3875,11.0227,1,2,9,Partnership,1,20,3,0,68111.61,66850.95,AZ,0
587,876773.47,879631.35,238210,6,4,0,11,11,301777.88,7.0296,7.1765,1,4,8,Corp,5,51.5,0,0,181372.95,154566.63,AZ,1
517,1485937.35,1598956.63,541511,4,4,0,5,9.6,76098.85,20.9786,21.2553,3,6,1,Corp,5,24.2,1,0,44281.39,39165.71,WA,1
697,861088.95,1073635.39,621111,3,1,1,6,14.6,115440.62,8.8795,8.4884,4,6,6,Corp,4,13.2,0,0,70170.77,73207.86,NY,0
739,486206.68,451386.12,236220,5,5,0,16,9.7,194604.59,6.0462,5.6623,3,2,3,Corp,2,56.9,0,3,143739.96,136654.93,FL,0
542,462363.24,496269.06,621111,1,4,1,6,10.1,154512.24,12.5688,13.26,7,1,7,Sole Proprietor,5,44.5,0,1,141877.07,134496.28,IL,1
588,453906.55,509850.64,238210,1,3,0,22,6.8,497457.96,12.3789,12.4535,5,6,3,Sole Proprietor,5,10.9,1,1,395115.46,388521.62,AZ,1
629,1300193.9,1136107.55,531210,5,1,1,6,13.8,60441.46,13.6563,13.1164,1,4,5,Corp,7,26.4,1,1,49066.71,49272.22,TX,1
627,1352732.23,1289879.05,531210,4,4,1,16,8.7,106902.19,8.02,8.1729,3,4,3,Corp,5,31.9,2,2,65701.16,56620.35,GA,0
614,242162.57,234347.79,722511,3,2,1,8,9.8,177247.8,14.9489,15.344,4,4,9,Partnership,4,27.7,1,1,135025.17,124425.38,NY,1
632,330870.15,389541.09,531210,5,2,1,18,9.7,227063.35,12.1924,11.4392,4,5,9,Partnership,8,1,2,2,147642.41,141201.83,FL,1
565,970288.23,1206739.74,722511,5,2,0,9,4,597400.02,18.6272,18.9572,3,5,7,Partnership,2,42.2,2,2,313275.2,324956.44,GA,1
584,558192.66,632859.69,445110,5,4,0,3,12.4,207512.88,11.0216,10.5328,1,3,1,Partnership,4,30.4,0,1,195636.85,193338.71,AZ,1
599,1261410.72,1522705.08,236220,3,5,1,30,11.7,108467.94,19.0819,21.2496,2,2,9,Sole Proprietor,6,15.7,2,0,51353.38,49962.02,CA,1
601,369488.3,405114.94,445110,4,3,1,12,16.2,184892.51,9.9941,11.0406,3,5,8,LLC,4,48.1,0,0,171790.74,154687.4,NC,1
598,839575.36,776758.16,722511,1,4,1,19,14.8,283209.57,3.5,3.9094,7,1,5,Partnership,5,22.3,2,1,164985.5,145442.55,FL,0
721,1153050.54,1022270.5,236220,2,4,1,20,19.9,314417.18,9.1745,9.9771,8,4,1,Sole Proprietor,3,7.5,1,0,226313.77,196569.97,OH,0
732,919332.36,876237.57,236220,5,1,1,23,18.7,277324.18,10.236,9.9737,4,5,4,Corp,2,25.1,1,0,236184.17,206647.73,NC,0
635,325198.65,326600.1,722511,2,1,1,21,7,159790.32,12.2066,13.3703,4,1,5,Sole Proprietor,7,31.5,1,0,96429.33,97951.61,NY,1
566,1346256.15,1672809.72,445110,2,2,0,9,15.6,147741.85,6.3825,6.3178,2,3,3,Sole Proprietor,5,20.3,1,0,104928.81,101266.84,IL,0
585,823324.91,954453.39,722511,6,5,0,18,22.9,237745.7,13.6234,12.5987,7,5,4,LLC,3,7,2,1,149863.43,155087.18,GA,0
607,435219.29,506117.61,236220,2,1,1,17,9.4,128997.97,12.7779,13.1374,8,6,8,Corp,7,28.4,0,2,121713.15,112208.17,NC,1
575,2132521.22,2370996.77,541511,4,5,0,13,11.7,122412.24,13.7336,15.2048,2,3,9,Corp,7,9.3,0,1,72138.55,70665.48,IL,1
675,897295.07,1062024.99,621111,4,4,1,14,11.7,219689.28,10.3326,9.6144,2,5,6,Partnership,3,25.4,1,0,152946.47,157520.03,WA,0
691,1780726.48,1846177.05,541511,1,1,0,7,15,175895.13,9.4179,10.3388,6,5,4,Corp,6,35.1,1,1,123320.75,109888.95,OH,0
676,1022160.77,1193245.5,621111,2,5,1,14,10.2,200016.37,7.7764,7.403,1,5,5,LLC,4,47.6,2,0,98851.04,102066.72,CA,0
644,267905.99,297355.1,445110,6,3,0,3,11.8,205171.98,9.4568,10.6488,2,3,6,Partnership,6,41.4,1,4,188355.62,191969.35,FL,1
728,2117067.29,2607368.31,484110,6,1,0,15,8.9,117939.65,5.3635,5.416,6,5,2,Corp,6,23.2,1,0,54671.31,49771.81,AZ,0
651,778152.75,689968.02,236220,2,5,1,19,3.9,97833.76,20.8857,20.3646,1,3,9,Partnership,3,18.6,3,1,71240.33,63589.53,FL,1
709,735217.84,804647.43,445110,4,1,1,19,20.5,241205.78,11.4418,10.376,1,3,9,Corp,3,51.2,1,1,158980.21,142137.41,GA,0
704,2716565.94,2726889.72,445110,5,2,1,6,4.5,170658.49,13.6381,15.4693,1,4,9,Corp,6,20.9,1,2,85537.1,88399.82,AZ,1
530,637719.11,730541.07,445110,2,5,0,0,7.8,171424.28,11.9505,10.8007,6,1,9,Sole Proprietor,5,22,2,3,127192.9,118557.25,OH,1
571,470741.2,564301.09,722511,2,4,1,11,18.8,129396.32,10.8417,10.6119,8,6,1,Sole Proprietor,4,53.4,0,1,85261.11,79064.01,AZ,1
635,2473520.01,2936369.38,445110,2,1,1,22,13.8,121274.28,8.4505,7.8887,7,2,6,Sole Proprietor,5,14.1,0,1,96766.3,82838.02,WA,0
733,925063.91,891700.5,722511,5,5,0,26,6.1,99247.04,8.426,8.3405,5,3,6,LLC,1,41.7,1,2,68453.85,68001.67,IL,0
607,2567142.99,2362019.78,541511,2,2,0,4,12.6,193904.18,12.3448,12.5951,8,3,3,Corp,6,43.6,1,2,88012.53,78011.51,GA,1
659,542668.43,530309.52,484110,3,2,0,4,11.8,56477.19,11.8788,12.4622,5,1,3,Partnership,5,21.3,2,0,41245.27,39023.05,FL,1
725,570283.41,486387.1,621111,5,4,0,21,16.7,158911.75,3.5,3.2794,7,6,6,LLC,4,17.7,0,2,77046.88,66135.72,OH,0
642,1737477.95,1498503.09,621111,2,2,0,14,13.3,358330.1,5.6921,5.3144,6,6,7,Corp,5,24.3,2,1,305699.21,290675.11,GA,0
511,520970.68,573922.35,531210,2,2,0,5,12.5,76495.68,8.6463,9.4069,4,6,2,Corp,7,38.2,0,1,64569.03,66514.54,OH,1
539,1165375.3,1088090.01,531210,3,2,0,0,19.9,107280.15,14.0967,15.8624,2,5,7,Partnership,7,6.4,0,2,100425.4,100954.79,IL,1
628,555905.5,592046.09,484110,5,1,1,2,8,178075.28,16.9337,16.8632,4,6,6,Partnership,7,11.1,1,0,115558.44,107663.11,TX,1
691,1039282.61,998732.22,531210,4,3,1,27,12.8,264330.58,7.4273,7.3042,2,5,4,LLC,2,12.6,1,1,190124.7,187065.61,CA,0
648,1070290.31,1132182.79,238210,2,3,1,13,10,126600.42,17.2593,18.3621,3,3,6,LLC,5,7.1,2,4,83931.33,74575.41,GA,1
574,773151.52,804967.41,484110,3,4,1,0,9.5,139840.23,12.6836,12.5806,2,4,4,Partnership,5,23.5,1,1,89853.61,87868.98,FL,1
657,764789.44,929876.82,621111,3,4,0,23,17.3,55370.49,11.296,10.4199,7,5,1,Sole Proprietor,2,16.5,0,1,28040.98,29272.39,FL,0
667,963646.78,1092628.79,445110,5,3,1,8,1.3,106255.5,15.0441,16.9505,8,3,6,Partnership,8,9.3,1,2,91365.21,92267.07,AZ,1
549,316744.16,306032.47,531210,3,1,1,0,5.7,67878.05,16.5536,16.0943,8,1,2,Partnership,6,48.3,0,0,54755.29,52886.46,FL,1
696,2304586.34,2720557.47,621111,6,3,1,3,10.6,221127.37,10.4712,10.4041,5,1,8,Sole Proprietor,4,36.4,1,1,158220.03,147596.16,TX,0
653,1842190.73,1612421.23,484110,5,1,0,11,13,57103.06,5.0666,5.7292,1,6,6,Sole Proprietor,4,30.9,0,1,37886.04,38142.65,OH,0
562,384460.92,389670.71,621111,5,5,0,11,8.8,147897.54,13.3177,13.7901,2,4,1,Corp,5,38.7,1,3,129954.6,114405.81,NC,1
677,1084791.89,1017164.2,236220,3,5,0,17,6.3,160088.81,13.0374,11.8497,6,3,2,LLC,4,34.9,1,2,78461.87,75414.23,NY,0
614,318815.78,389319.75,484110,6,3,1,0,4.5,289261.1,13.9962,13.8177,2,4,7,LLC,9,26,1,3,251095.38,260284.47,NY,1
635,1027512.8,1052420.89,621111,1,5,1,10,11.4,138051.19,6.1539,6.9004,3,4,6,Sole Proprietor,3,24.5,1,1,114792.43,105303.91,IL,0
599,751925.84,744828.99,722511,3,5,0,19,11.8,73031.91,16.3844,18.2678,5,4,2,LLC,6,10.5,1,1,45597.79,38886.29,FL,1
636,744174.12,807655.44,236220,6,4,0,11,8.3,195012.6,14.6028,16.1555,8,2,2,Corp,9,32.4,2,1,183569.72,185249.56,WA,1
689,572412.9,492928.14,531210,1,2,1,29,6.2,207202.1,9.0486,9.9635,1,1,2,Sole Proprietor,5,27.3,0,0,130253.83,135368.29,TX,0
774,666333.96,714370.72,541511,2,3,0,19,18,143489.29,4.827,5.3508,8,5,2,Sole Proprietor,5,27.1,0,1,101472.24,106464.21,AZ,0
633,1450491.95,1581557.46,236220,3,4,0,15,11.1,162010.91,9.1698,9.266,4,2,6,Sole Proprietor,1,33.1,2,0,144204.81,149722.26,FL,0
603,515496.28,608574.24,541511,6,1,1,19,17.1,185453.13,5.472,5.3166,5,4,7,Corp,4,17.4,0,2,99290.13,93562.08,GA,0
749,890736.66,869239.01,238210,6,3,0,14,3.3,94494.51,12.4313,13.7817,4,2,6,Sole Proprietor,4,18.5,0,1,77348.42,76359.4,TX,0
708,1106990.75,1194274.76,238210,5,3,1,10,13.5,162910,8.2493,8.6378,8,2,2,Partnership,6,25.9,4,1,106045.9,94590.32,WA,0
693,285230.9,315114.08,541511,3,3,1,19,11.6,158980.05,11.5219,12.3346,4,6,8,LLC,4,1,1,3,145869.59,140557.64,FL,1
702,2915918.17,3562059.95,621111,4,1,1,18,17.3,102146.77,12.2824,13.1785,8,5,1,Corp,4,36.9,0,0,63935.08,66122.44,GA,0
616,337599.41,297180.12,445110,4,4,0,10,15.9,105842.41,13.0748,13.9065,1,3,4,Corp,6,33,1,1,82198.5,79020.77,WA,1
715,737039.16,753655.49,621111,2,2,1,30,20.6,92098.77,12.5076,11.9446,7,1,8,LLC,3,19.8,1,0,51064.65,53211.32,CA,0
622,1669512.87,1552167.71,236220,2,4,0,5,1.8,194770.89,16.7411,16.0281,1,4,2,Sole Proprietor,9,33.3,0,2,184569.56,183432.03,FL,1
604,380887.37,452164.41,236220,4,4,1,12,12.2,136511.17,16.9413,16.6985,8,2,5,Partnership,6,34.3,0,2,119912.93,109934.1,WA,1
703,1286542.21,1202642.6,722511,4,4,1,7,13.9,71765.23,16.0714,16.9142,3,5,3,Partnership,5,19.9,2,3,40927.4,41220.52,AZ,1
545,1246502.47,1502677.56,621111,5,4,0,8,1.5,162755.22,7.2566,7.0543,4,6,2,Sole Proprietor,9,27.1,1,0,129552.62,122580.31,NC,1
589,938016.66,895813.65,445110,5,2,1,12,7.9,281272.76,13.6216,15.3586,8,5,3,LLC,4,34.5,0,3,199161.84,207798.53,NC,1
558,1926802.5,2318753.74,531210,2,5,1,12,10.2,190288.67,15.6039,16.8905,4,1,2,Corp,5,30.8,0,2,158801.78,151044.58,NY,1
612,829425.61,931457,484110,5,1,0,16,7.6,249748.09,11.3661,10.7391,7,3,2,LLC,7,17.1,1,3,124969.54,114897.43,CA,1
545,991566.93,944821.3,236220,6,2,0,11,4.4,225129.93,14.7411,16.3341,6,6,6,Partnership,5,35.3,0,2,160784.11,140848.38,NC,1
694,1252622.58,1527050.6,236220,6,1,1,18,11.5,166672.78,6.0791,6.3635,4,1,3,Corp,2,21.2,1,1,147795.23,148400.24,TX,0
581,1143428.23,1261876.01,531210,1,4,1,19,6.9,115602.78,7.8576,7.8952,2,1,9,LLC,6,30.9,2,1,68578.24,70975.85,AZ,1
631,292519.99,338052.06,621111,2,1,1,8,9.2,184631.16,10.1457,10.1781,3,6,8,Sole Proprietor,6,32.9,1,2,121899.01,123084.14,CA,1
644,560681.77,483120.14,484110,5,5,1,24,15.7,271303.81,11.2911,10.3046,6,6,5,Corp,7,10.3,0,1,219415.19,210861.15,OH,0
669,1117838.93,1236402.18,445110,3,2,1,13,16.7,204491.44,9.5184,10.5289,1,1,5,Partnership,4,25.6,2,1,128165.45,125603.27,GA,0
559,1143447.27,1175471.14,238210,1,1,1,13,5.9,195074.43,12.118,11.8473,8,5,2,Partnership,6,25,1,0,139955.97,144595.36,NY,1
734,1848877.66,1991496.53,445110,2,5,0,1,27,210350.62,6.2251,5.9593,6,1,4,Partnership,2,21.1,0,2,120139.77,124899.77,TX,0
665,954113.13,1091251.29,445110,4,4,1,23,14.3,149071.36,4.3131,4.5571,4,2,1,LLC,6,20.1,1,1,91156.24,80040.83,GA,0
699,1218716.77,1440536.97,621111,6,1,1,18,13.3,310877.07,17.283,19.2586,4,2,7,LLC,4,14.6,2,0,181869.01,170909.53,AZ,0
662,1453001.5,1643774.44,238210,1,1,0,7,18.1,87684.73,16.6971,15.5303,6,5,1,Sole Proprietor,8,30.1,0,2,76905.97,77411.02,TX,1
732,997189.04,982649.99,531210,2,4,1,21,6.7,150992.25,3.5,3.5578,4,1,5,Partnership,3,27.1,0,1,88667.53,80074,AZ,0
587,562727.05,565860.56,238210,6,4,1,9,9.1,181268.57,17.7834,19.4745,6,4,1,Sole Proprietor,5,54.7,0,1,150091.75,148088.97,NC,0
623,471774.61,505925.32,484110,6,5,0,12,12.5,126923.31,14.1278,13.2151,8,4,5,Sole Proprietor,3,47.5,1,2,67507.42,59621.29,FL,1
736,1234742.31,1168512.31,236220,1,2,0,8,14.5,170145.56,11.2649,12.166,1,1,3,LLC,6,15,0,0,154375.02,149025.34,FL,0
616,677211.25,628613.15,236220,6,1,1,18,18.5,180846.92,3.5,3.8712,6,6,3,LLC,3,19.1,1,0,131853.05,130064.34,OH,0
695,674817.92,619808.66,541511,4,4,1,19,12,137013.89,7.9834,7.507,4,3,6,LLC,1,1,1,1,102528.31,96840.72,OH,0
547,731641.3,807134.34,238210,5,2,0,28,3,151194.17,9.3968,10.4395,8,6,5,LLC,5,31.2,0,1,94504.06,86469.69,TX,0
657,897498.08,1015572.91,238210,1,4,1,14,11.2,200523.09,8.0427,7.4288,5,5,5,Sole Proprietor,3,9.1,2,0,156906.59,156669.94,CA,0
740,1339724.56,1502397.18,541511,4,2,0,9,8.8,205509.29,11.1077,11.4945,4,3,3,Partnership,4,25.1,0,2,177766.33,165133.2,IL,0
552,1477936.24,1751419.17,484110,2,5,0,16,3.9,309790.13,19.2373,19.9929,5,6,3,Corp,5,25.4,2,0,224999.14,225211.43,IL,1
712,2279392.03,2172380.93,541511,2,3,0,19,5.2,141417.58,12.9088,13.5441,6,3,9,Corp,8,11.1,0,2,101313.64,101068.29,TX,0
583,576625.68,673454.46,621111,5,5,1,18,0.5,105314.21,8.4522,8.54,8,4,7,Sole Proprietor,3,36.6,0,1,95837.17,86617.15,GA,1
689,546675.12,556883.9,541511,1,4,1,15,8,335581.62,7.1172,7.9853,5,3,2,Sole Proprietor,4,30.9,1,2,192296.7,194122.24,TX,0
603,1176184.23,1130354.27,445110,1,2,1,1,15,259521.67,13.4752,14.4946,3,5,7,Sole Proprietor,9,18.8,3,3,205006.34,188572.61,FL,1
599,786418.33,952210.83,531210,5,2,1,13,6.3,296070.2,5.7687,6.4117,1,5,6,Partnership,3,18.4,1,0,165097.29,171256.39,NY,0
688,363876.69,454475.48,484110,2,2,0,1,21.6,201847.14,8.1988,7.7231,3,5,9,LLC,5,20.3,2,1,187876.41,173552.46,AZ,0
566,521604.23,502891.57,531210,5,2,1,5,9.1,146710.47,6.0012,6.4083,2,2,3,Corp,5,21.4,0,3,124746.24,127332.24,AZ,1
604,1296069.16,1126215.55,531210,3,5,0,10,0.5,230858.84,11.86,13.4334,1,1,8,LLC,6,37.2,1,0,131071.18,120261.83,OH,1
655,2129879.03,2165123.63,484110,5,1,0,22,7.9,402406.64,14.8888,15.7223,1,5,2,Partnership,5,28.3,0,0,225826.52,202402.83,NC,0
661,1916232.63,1865990.57,531210,6,5,0,25,19.7,123613.13,8.6638,9.0925,7,1,4,Sole Proprietor,7,6.6,0,0,57819.58,58872.07,OH,0
777,1314597.74,1313162.85,531210,3,1,1,6,7.8,356800.97,3.9851,3.9811,6,6,4,Corp,3,9.3,0,0,204899.91,199919.28,WA,0
668,928197.26,1148824.71,722511,6,2,0,15,14.8,152985.61,11.9448,11.9372,6,6,7,Corp,2,26.1,0,0,120254.51,123288.26,IL,0
561,721123,657426.39,531210,6,3,0,3,5.2,125894.68,11.504,12.9927,2,3,7,Partnership,3,7.5,1,1,81910.06,76022.53,AZ,0
660,786891.77,755305.35,722511,4,2,0,17,5.6,138619.19,13.4286,13.4665,6,2,4,Sole Proprietor,5,6.2,2,2,97075.49,93009.42,TX,1
624,503841.88,623899.37,484110,4,4,1,1,5.7,251614.21,8.7349,9.7171,1,1,6,Sole Proprietor,5,33.2,1,2,114742.6,115041.38,GA,1
593,1162650.79,1264394.3,722511,6,2,1,11,14,73550.55,3.5,3.4211,8,3,7,Corp,3,29.9,0,1,48921.83,42375.76,WA,0
628,863586.04,863624.28,238210,3,1,0,5,3.5,89906.01,11.2969,11.623,3,4,7,LLC,6,25.5,0,2,56704.93,52997.68,CA,1
574,1098103.45,1032429.91,541511,2,3,0,6,12.8,144397.18,11.3195,11.6064,6,4,6,LLC,8,35.8,1,2,112305.7,113354.49,WA,1
664,1474712.13,1442992.24,238210,4,4,1,18,4.6,92919.92,9.3268,8.945,6,6,3,Sole Proprietor,6,27.4,1,0,87942.21,82268.74,FL,0
684,614779.2,713733.81,484110,4,2,0,12,2.8,77058.96,8.9761,8.1266,1,1,5,Sole Proprietor,6,20.8,0,2,58686.34,58243.52,WA,1
612,1007084.23,1223609.99,236220,5,2,1,8,7.7,130528.54,12.4657,13.5025,5,1,3,Partnership,6,21.3,1,3,116462.44,105052.49,GA,1
569,306231.13,260787.36,238210,1,3,0,11,8.3,290573.05,18.3864,19.2351,8,3,2,Partnership,9,12.4,2,2,231455.3,204742.76,NC,1
601,329109.65,293216.54,541511,3,1,1,14,10,89950.19,13.4266,14.1431,5,4,6,Sole Proprietor,5,23,3,3,52569.01,46209.22,WA,1
660,427873.89,364075.36,621111,4,2,0,0,8.2,147286.52,10.4185,9.8463,3,4,6,LLC,6,31,3,2,77373.49,69744.78,NY,1
666,685316.76,810083.16,541511,3,5,0,19,14.9,321561.77,8.0681,8.9421,6,1,7,Sole Proprietor,4,24.6,0,2,191181.59,167974.9,AZ,0
688,730781.43,672342.02,531210,1,1,0,11,1.1,342043.1,4.7872,4.6082,2,2,4,LLC,4,38.4,0,1,162562.43,142694.76,OH,0
650,621277.58,535810.71,236220,5,2,0,14,8.4,202033.36,17.3545,16.7937,5,1,3,Sole Proprietor,6,22.6,1,2,175864.43,176515.72,OH,1
569,423947.35,477533.8,722511,5,4,1,2,8.7,58200.83,12.0547,13.4892,5,1,3,Sole Proprietor,5,21,1,3,49763.79,46773.27,IL,1
599,759721.34,778527.82,722511,6,2,1,13,4.3,201822.09,11.7639,11.221,1,6,6,Corp,7,36,0,0,167192.94,159602.53,AZ,0
662,810573.95,991550.58,238210,5,2,1,17,10.9,82147.56,5.9956,5.8446,8,5,4,Corp,3,23.8,0,1,42331.78,40388.1,NY,0
540,472255.74,432613.23,722511,2,2,0,7,9.1,146826.16,13.4689,13.2993,1,2,9,Corp,6,35.7,0,2,131503.36,128864.77,FL,1
731,490487.21,495482.44,531210,2,1,1,22,15.5,169744.9,9.2001,9.6867,4,5,7,LLC,1,30.1,0,0,155491.02,152050.46,GA,0
700,964742.84,838005.15,484110,3,5,1,7,18.4,147120.65,10.7214,9.8969,1,2,5,Sole Proprietor,1,25.9,1,1,113549.37,115363.17,CA,0
708,1679653.48,2091044.32,236220,3,5,0,16,13.2,166634.28,10.3083,11.2186,2,1,3,LLC,5,21.8,3,1,76166.54,76815.42,AZ,0
709,862288.55,1013746.16,541511,6,3,1,17,13.1,195812.39,12.7183,11.8346,5,2,9,Corp,5,25,1,1,149266.44,148593.77,FL,0
657,1964520.63,1755124.48,621111,3,2,0,11,7.5,193813.88,8.9994,8.5104,2,1,6,LLC,3,23.5,0,0,99416.45,94234.29,TX,0
768,1055309.33,1307287.71,531210,2,4,0,23,8.1,130901.94,6.4421,6.6503,4,5,2,LLC,2,24.7,2,1,77902.21,79267.47,WA,0
738,2124149.23,2653776.46,722511,2,1,0,11,1.7,158214.91,5.6568,6.315,8,5,9,Sole Proprietor,3,35,1,0,71734.9,67703.38,WA,0
531,270362.05,263568.41,541511,2,2,0,9,11.7,231350.36,13.3371,12.1395,6,4,7,Corp,7,19,2,2,217280.81,204839.81,NY,1
647,285918.19,257982.19,484110,6,4,1,20,9.2,143169.61,8.9527,9.6135,8,6,5,Sole Proprietor,3,48.2,0,0,131398.81,127545.44,GA,1
539,553131.5,645629.68,722511,6,1,0,3,5.6,164849.94,10.4475,10.5803,3,4,2,Partnership,5,18.5,1,2,151316.45,156082.55,CA,1
631,797117.2,853070.24,445110,1,3,0,0,4,72637.99,7.6106,7.5453,5,5,9,Corp,7,20.7,0,2,46997.83,45232.85,IL,1
708,1264970.63,1097995.84,531210,6,3,1,6,8,176660.11,11.0874,10.1305,6,4,7,Sole Proprietor,4,33.3,2,0,107581.83,100322.53,FL,0
639,1382360.6,1289682.55,238210,1,5,1,35,14,159589.57,14.4516,15.1121,1,1,8,Sole Proprietor,1,43.8,1,2,146052.77,142204.46,NY,0
703,699718.62,721649.29,445110,5,1,1,18,10.7,309864.94,8.6706,9.504,3,3,6,LLC,5,36.8,2,4,251665.39,246319.53,GA,1
500,608112.86,638415.22,531210,4,4,1,6,0.5,175903.02,17.567,18.9835,2,6,1,LLC,9,43.4,1,4,135829.98,123031.02,GA,1
689,482791.08,538527.77,541511,1,3,1,1,1.5,92607.68,18.0126,17.3919,6,5,5,LLC,5,21.5,1,3,77757.03,76925.64,TX,1
602,999882.35,929397.66,621111,3,5,0,17,14.6,132164.43,10.2979,9.8113,7,1,9,Corp,6,13.1,0,1,98569.99,103454.45,CA,0
785,1611836.32,1895390.61,722511,2,3,1,12,10.8,149252.19,7.6095,8.7047,2,4,9,Partnership,1,24.6,0,0,80627.65,83131.85,NC,0
656,639229.15,743509.97,236220,4,5,1,5,15.7,156304.6,12.3924,13.0658,4,2,2,Sole Proprietor,5,25.7,0,2,89771.57,92223.37,NY,1
508,350368.15,324765.21,722511,1,4,0,16,8.8,125548.46,15.4372,16.6138,7,2,5,LLC,6,26.8,1,1,95421.91,87045.09,FL,1
524,374939.09,416993.42,531210,5,4,1,5,8.5,239866.61,16.5952,16.8288,8,4,7,Corp,5,33.6,1,1,157982.32,143806.62,IL,1
564,655194.4,703252.95,531210,6,5,0,28,5.5,69721.01,10.0883,10.1012,2,5,4,LLC,1,19.4,1,0,53516.74,52769.24,WA,0
653,591859.12,596637.97,445110,6,4,1,10,8.9,169403.92,8.8593,9.804,1,5,3,LLC,1,18.2,2,2,102277.15,100998.97,OH,0
626,305861.99,355691.05,541511,6,1,1,0,5,171364.98,12.605,11.4089,8,1,8,Corp,5,35.5,1,2,125031.51,106301.6,IL,1
582,431444.05,488296.12,621111,3,2,0,19,6.9,171734.57,10.5402,9.6829,7,1,8,Corp,9,29.8,1,2,98346.24,100999.93,CA,1
657,849729.8,878471.5,238210,5,1,0,18,10.3,436689.42,12.7624,12.2446,3,5,8,Corp,1,17.1,1,0,285023.64,273148.29,GA,0
661,459792.1,529892.28,531210,6,1,0,19,15.3,251392.93,5.295,5.5164,2,3,1,Partnership,4,36.8,3,1,220671.36,202334.06,TX,0
588,973669.33,879935.56,445110,3,1,1,4,5.3,140656.49,15.4379,15.6681,3,5,5,Partnership,3,6.9,1,2,97508.09,96149.64,TX,1
572,976862.12,1074012.93,531210,6,2,1,22,3.5,43888.65,10.7118,12.1975,6,3,2,Corp,6,21.2,1,1,21374.71,22265.71,GA,1
713,2309520.91,2190174.6,236220,3,1,0,9,12.4,223801.23,3.5,3.79,3,3,6,LLC,2,36.7,0,0,175067.79,152057.14,IL,0
648,883956.49,1072498.8,621111,6,4,1,10,8.9,179375.75,8.1498,8.7241,5,4,4,LLC,5,20.7,0,0,126968.17,122933.45,CA,0
623,735014.78,687022.05,445110,3,5,0,32,3.8,213516.73,9.0198,8.1191,1,4,5,LLC,4,19.8,0,1,157113.79,164715.41,WA,0
538,1045619.8,956891.24,445110,4,5,1,0,0.8,614595.26,8.2135,7.7575,5,3,6,Corp,8,48.7,2,2,494859.56,491255.66,CA,1
512,290606.64,265471.04,445110,4,5,1,2,2,181427.65,7.4753,6.8291,8,4,6,Partnership,8,34.9,1,2,87638.63,83411.58,WA,1
702,724008.03,759167.93,445110,4,4,1,10,3.5,153680.88,16.2721,16.2516,4,6,3,Partnership,6,40.7,0,0,118773.24,118626.72,FL,1
557,466868.16,513283.51,238210,1,2,0,6,16.5,230136.5,13.5984,14.5324,6,4,7,Partnership,5,55.2,0,1,136912.13,131553,CA,1
500,817837.53,874744.15,531210,4,1,0,11,4.6,367867.15,19.3061,20.5374,4,1,2,Sole Proprietor,9,38.8,2,0,277814.62,280085.2,OH,1
734,1399656.18,1689798.35,722511,1,5,1,18,13.3,205410.7,7.9702,8.7631,3,1,4,LLC,5,22.8,0,0,186842.67,195333.47,GA,0
688,387282.62,347274.13,445110,3,1,0,11,7.7,140235.15,12.8598,13.378,1,2,4,Corp,4,37.7,0,2,85372.07,73510.24,AZ,0
697,1201587.97,1422376.31,621111,6,2,1,13,18.2,182720.98,15.2624,13.8545,6,5,7,Partnership,3,12,0,0,136539.93,116521.92,AZ,0
566,1297780.28,1216493.21,236220,6,4,1,12,13.1,102049.35,15.9113,15.0221,5,6,6,Corp,5,24.3,2,1,55194.9,47071.26,NY,1
679,6014045.68,6195289.28,541511,5,5,0,27,11.3,100847.61,13.0524,12.7522,3,5,9,Partnership,4,20.9,0,0,79756.07,78421.82,IL,0
669,1380774.42,1581556.48,541511,6,2,0,21,7.9,77163.56,19.1057,20.3484,8,1,2,Corp,6,12.5,1,1,39503.35,34890.16,CA,1
783,765279.22,792404,722511,6,3,1,15,12.7,254571.02,3.8011,3.7393,7,5,8,LLC,1,9.7,2,0,132953.58,135938.52,NY,0
532,676688.42,767225.65,541511,6,1,1,22,9.1,604957.5,12.0319,11.2073,1,3,3,Partnership,3,5.4,0,1,569997.73,522881.79,CA,1
592,216812.43,194020.04,484110,2,1,0,16,19.2,193293.66,14.8615,13.4031,2,2,3,Sole Proprietor,5,47.6,1,1,158426.89,141971.81,OH,1
680,579762.27,545416.92,621111,4,4,0,11,12.3,119077.73,12.0073,11.3449,4,2,2,Corp,3,13.5,0,3,89211.7,93279.81,NY,0
660,938141.81,1121292.71,445110,4,5,1,23,18.5,128061.45,7.4896,7.0487,7,4,1,Sole Proprietor,2,50.8,1,2,73384.21,71403.36,GA,0
564,270671.94,250436.96,238210,3,4,0,11,9.4,153736.71,12.8244,12.1971,6,5,1,Corp,5,33.8,0,1,85805.79,87699.45,NC,1
676,178686.37,160694.48,445110,5,2,0,15,21.1,232353.03,9.5522,9.7065,1,6,9,Partnership,9,30.4,2,2,205697.83,187414.63,TX,1
585,1218063.25,1349609.56,445110,1,5,1,7,15.2,237595.21,9.0459,9.5309,2,6,4,Partnership,7,2.2,1,2,189869.73,175502.76,WA,1
542,290737.7,258556.25,722511,3,1,1,10,8.9,166591.76,12.9449,13.0241,8,5,6,Partnership,5,51.3,2,0,150693.37,142557.71,NC,1
580,253056.22,306484.32,445110,5,1,0,16,4.3,55429.34,12.5514,12.1071,7,1,4,Corp,5,21.5,0,4,44302.3,43051.07,AZ,1
567,490643.57,520997.02,531210,6,5,1,17,5.9,311151.87,12.5592,13.2398,1,2,4,LLC,2,55.5,1,4,167648.86,162227.57,TX,1
641,267575.1,322080.51,621111,5,5,0,5,7.9,251683.18,14.5047,14.9898,8,5,5,LLC,6,23.1,1,2,135214.4,115653.53,FL,1
625,526552.4,464651.09,445110,3,5,1,7,0.5,227969.96,18.2664,17.7025,8,2,6,LLC,9,41.8,0,4,174227.28,154078.07,AZ,1
698,1119237.62,1157781.55,541511,2,4,0,19,12.5,105052.54,3.5,3.318,5,5,3,Corp,5,17.8,2,1,73672.13,66999.14,TX,0
620,327359.73,357585.9,238210,5,1,1,8,2.7,59044.42,15.0516,14.4898,2,3,6,Partnership,6,3.8,0,2,48126.03,50418.68,OH,1
615,447660.33,527298.83,541511,3,1,1,6,3,347708.1,12.632,13.2099,3,6,5,Sole Proprietor,7,43.2,2,3,211623.6,207090.13,OH,1
701,1462488.72,1782510.09,238210,3,3,1,11,15,279319.76,11.898,11.6345,3,1,4,LLC,4,32.2,1,2,204348.54,204124.71,FL,0
713,2224006.24,2580798.12,236220,5,3,1,8,8.3,193038.58,13.2899,13.3455,2,1,4,Corp,3,36.3,0,2,169879.12,147406.2,NY,0
677,2333998.62,2770380.82,238210,6,3,0,13,6,55628.56,13.1506,13.1053,7,6,1,LLC,3,48.9,2,0,50292.48,52423.01,TX,0
636,2007452.34,1730420.62,541511,6,2,0,19,17.7,240623.76,10.2098,9.5681,3,2,8,Partnership,3,17.9,2,1,146322.73,146280.89,NY,0
643,1402324.42,1333719.94,236220,2,2,1,16,21.5,117700.2,11.4944,10.6529,5,3,6,Sole Proprietor,5,22,0,1,79965.94,72109.74,OH,0
618,1249541.21,1477793.37,484110,3,1,1,6,11.4,103086.51,16.055,16.527,1,3,4,LLC,4,17.8,3,2,48822.26,44462.4,TX,1
642,515265.32,551562.85,531210,6,4,1,24,7.1,251803.17,3.5,3.6141,8,4,6,LLC,6,29.1,0,2,226746.98,217057.55,IL,0
603,499495.02,448949.11,236220,1,2,0,9,9.2,143739.52,8.9508,9.0206,3,6,3,Partnership,4,27.3,0,1,87781.77,84954.98,WA,1
663,1371859.93,1341931.78,484110,3,5,0,9,9.7,198624.68,8.2733,8.4061,4,1,8,Partnership,5,29.2,0,0,118754.78,101115.76,WA,0
533,282628.79,241831.5,621111,1,5,1,5,11.3,201540.77,4.3109,4.2459,4,1,2,Partnership,4,9.7,0,0,133327.92,115480.12,WA,1
550,344361.64,425812.68,445110,6,1,0,7,5.6,319120.35,13.2005,12.5595,5,1,9,Sole Proprietor,5,31.9,1,1,225623.82,221469.82,TX,1
580,1552918.89,1682752.59,541511,6,4,0,11,9.5,194629.85,12.5446,12.9211,5,5,3,Sole Proprietor,7,30.2,1,1,183326.29,182305.79,NY,1
578,1429228.1,1371773.42,621111,4,5,1,13,5.8,119172.72,11.9786,12.0497,8,4,6,Sole Proprietor,3,20.5,1,2,61707.05,56520.52,NY,1
712,2179905.74,1986415.89,621111,2,1,0,13,16.9,78982.01,8.464,8.5484,2,2,8,Corp,4,34.5,0,0,66184.2,63169.37,TX,0
691,122099.53,105563.93,236220,3,3,1,15,5.3,197884.94,8.9904,10.0443,5,6,1,Sole Proprietor,9,37.4,1,0,111373.4,112022.45,TX,1
565,391667.91,411244.64,445110,5,4,0,11,5,137805.94,10.6016,9.5873,4,6,2,Sole Proprietor,8,28.3,2,1,113083.04,109981.71,AZ,1
681,1075320.65,1163279.26,236220,4,2,1,20,11.6,74385.9,10.122,10.7634,6,4,4,Sole Proprietor,3,21.8,1,1,60769.03,58375.51,FL,0
716,1541853.61,1741274.24,445110,5,5,1,32,7.9,212033.79,10.8484,10.7235,1,4,9,LLC,3,2.2,0,2,99175.51,101274.67,GA,0
680,1635004.33,2035900.63,531210,6,3,0,17,6.4,180979.2,4.5425,4.3495,7,4,2,Sole Proprietor,4,21.8,0,0,171203.68,171132.23,TX,0
680,1649738.7,1888309.7,531210,3,3,1,16,18.4,210632.46,12.7264,11.7985,5,5,2,Partnership,6,32.1,2,1,96520.6,84202.62,AZ,0
690,588969.64,680149.51,445110,3,3,0,16,2,134029.72,7.7644,7.5319,1,3,2,Corp,1,20.2,1,0,102356.64,101982.61,OH,0
535,469875.5,456336.44,531210,3,5,0,9,8.3,173710.43,10.3139,11.2503,2,1,9,Corp,8,34.6,2,1,105428.92,95366.88,IL,1
713,1670892.25,1894794.66,236220,6,5,1,24,15.9,136081.98,8.5168,8.132,8,3,7,Sole Proprietor,3,32.6,0,0,125915.77,113973.68,NC,0
631,2323914.06,2471752.45,541511,6,3,0,35,8.5,111517.34,3.5,3.4945,7,2,6,Partnership,6,12,0,3,86083.22,83021.15,AZ,0
646,687527.68,632731.34,238210,4,4,0,28,9.3,139797.25,6.8543,6.897,1,4,1,Partnership,3,27.8,0,1,116778.12,100212.13,OH,0
583,1391229.2,1371943.68,722511,6,4,1,22,10.3,242189.99,12.9783,12.1915,3,3,3,Sole Proprietor,5,37.5,0,1,119046.41,114981.07,CA,1
665,1439939.49,1395655.77,445110,5,5,1,28,21.2,95360.07,11.0278,12.5704,4,6,1,LLC,3,23.1,0,0,71465.88,70695.62,FL,0
750,444061.54,522393.13,541511,5,2,1,4,1.9,156129.46,5.9093,5.6311,7,1,8,Partnership,1,8.6,1,1,72053.01,69026.59,GA,0
731,663789.27,732301.01,541511,2,4,0,26,13.1,164970.2,13.2775,14.4107,2,6,6,Partnership,1,15.5,2,1,85290.72,79359.23,NC,0
542,1461710.18,1662480.12,484110,2,1,1,19,1.4,104725.03,10.9829,10.4615,5,5,1,Sole Proprietor,9,35.9,0,2,74833.75,74298.43,GA,1
573,735698.73,816673.52,722511,5,4,0,0,9,233543.58,10.7646,12.1598,3,5,7,Sole Proprietor,2,11.4,1,2,123393.74,107250.86,NC,1
597,284048.81,334810.96,541511,1,1,0,7,9.7,174730.79,15.8815,16.2904,1,3,7,Sole Proprietor,5,47.3,3,1,155783.58,141524.35,WA,1
843,1079549.79,993116.08,722511,2,5,1,23,13,79043.78,6.5354,6.1052,3,3,8,Partnership,3,15.3,2,1,53075.89,53318.76,NY,0
628,687326.89,606071.37,484110,3,1,0,14,7.4,105815.06,18.692,20.3227,7,3,6,Partnership,4,18.3,1,2,50348.8,46427.44,GA,1
661,465259.57,509081.43,445110,5,3,0,13,12.5,183256.51,10.7579,11.126,1,4,6,LLC,4,26,0,1,112574.87,108559.67,FL,1
689,1058812.46,1051706.42,236220,3,4,0,14,13.4,191869.11,8.6152,8.5899,6,2,6,Corp,4,29.6,0,0,119789.38,123078.09,OH,0
683,858129.78,813500.46,238210,1,5,0,6,4.2,143590.6,13.117,12.1878,5,1,3,Corp,6,46,1,3,113931.84,104628.26,GA,1
688,571311.42,524854.85,236220,6,4,1,14,18.8,313579.33,6.1094,5.5766,1,4,5,Partnership,6,33.4,1,3,187782.53,161663.69,NY,0
